Customer ID,Customer,Name,Segment,Address,City,State,ZipCode,email
CG-12520,Claire,Gute,Consumer,187 Butternut Court,Daytona Beach,Florida,32128,scaswell0@simplemachines.org
DV-13045,Darrin,Van,Corporate,2 Farmco Point,San Bernardino,California,92405,groumier1@unicef.org
SO-20335,Sean,O'Donnell,Consumer,842 Esker Court,Fresno,California,93762,dgarrigan2@twitter.com
BH-11710,Brosina,Hoffman,Consumer,9 Vermont Alley,Pittsburgh,Pennsylvania,15210,jhellyar3@gravatar.com
AA-10480,Andrew,Allen,Consumer,0834 Waxwing Parkway,Detroit,Michigan,48211,adakhno4@google.com.br
IM-15070,Irene,Maddox,Consumer,51711 Buell Alley,Charleston,West Virginia,25321,plongstaff5@friendfeed.com
HP-14815,Harold,Pawlan,Home Office,6 Sullivan Plaza,Murfreesboro,Tennessee,37131,smarritt6@mediafire.com
PK-19075,Pete,Kriz,Consumer,57299 Haas Pass,Charleston,South Carolina,29411,ajeffery7@ucoz.com
AG-10270,Alejandro,Grove,Consumer,81 Everett Alley,Philadelphia,Pennsylvania,19120,pbodman8@mozilla.com
ZD-21925,Zuschuss,Donatelli,Consumer,6 Merry Street,El Paso,Texas,79923,ggainsbury9@tripadvisor.com
KB-16585,Ken,Black,Corporate,87 Esch Pass,Minneapolis,Minnesota,55417,beaglea@sbwire.com
SF-20065,Sandra,Flanagan,Consumer,8163 Old Gate Terrace,Boise,Idaho,83732,alanderb@taobao.com
EB-13870,Emily,Burns,Consumer,04147 Waywood Lane,Beaverton,Oregon,97075,ajerremsc@indiatimes.com
EH-13945,Eric,Hoffmann,Consumer,59482 Luster Pass,Peoria,Illinois,61614,felcocksd@washingtonpost.com
TB-21520,Tracy,Blumstein,Consumer,5 Sullivan Drive,Los Angeles,California,90030,dlakendene@google.co.uk
MA-17560,Matt,Abelman,Home Office,1282 Thierer Hill,Littleton,Colorado,80161,ckupecf@altervista.org
GH-14485,Gene,Hale,Corporate,54 Cambridge Drive,Raleigh,North Carolina,27615,pphilg@bing.com
SN-20710,Steve,Nguyen,Home Office,68 Katie Center,Orlando,Florida,32819,sbaconh@gov.uk
LC-16930,Linda,Cazamias,Corporate,031 Heffernan Way,Sacramento,California,94273,fdensoni@chron.com
RA-19885,Ruben,Ausman,Corporate,0370 Fairfield Terrace,Philadelphia,Pennsylvania,19109,dsausmanj@yandex.ru
ES-14080,Erin,Smith,Corporate,77124 Reinke Lane,Des Moines,Iowa,50310,ckenawayk@vimeo.com
ON-18715,Odella,Nelson,Corporate,1 6th Pass,Seattle,Washington,98104,pmealingl@cyberchimps.com
PO-18865,Patrick,O'Donnell,Consumer,328 Little Fleur Parkway,Fargo,North Dakota,58106,apipetm@nytimes.com
LH-16900,Lena,Hernandez,Consumer,29 Lakewood Alley,Battle Creek,Michigan,49018,scubleyn@paginegialle.it
DP-13000,Darren,Powers,Consumer,85 Buell Point,New York City,New York,10125,ecoado@mit.edu
JM-15265,Janet,Molinari,Corporate,93 Lyons Court,Louisville,Kentucky,40298,tmoncreiffep@craigslist.org
TB-21055,Ted,Butterfield,Consumer,4 Forest Court,Santa Barbara,California,93150,tmacliseq@webmd.com
KM-16720,Kunst,Miller,Consumer,789 Spaight Center,Asheville,North Carolina,28805,rsmartmanr@facebook.com
PS-18970,Paul,Stevenson,Home Office,531 Comanche Place,Palatine,Illinois,60078,nshovels@wufoo.com
BS-11590,Brendan,Sweed,Corporate,119 Schlimgen Park,Pittsburgh,Pennsylvania,15220,sleadbeatert@storify.com
KD-16270,Karen,Daniels,Consumer,09911 Loeprich Parkway,Washington,District of Columbia,20215,ckinmondu@noaa.gov
HM-14980,Henry,MacAllister,Consumer,25291 East Center,Philadelphia,Pennsylvania,19136,candrejevicv@meetup.com
JE-15745,Joel,Eaton,Consumer,13 Red Cloud Hill,Memphis,Tennessee,38143,fpahlw@seattletimes.com
KB-16600,Ken,Brennan,Corporate,48182 Service Center,Indianapolis,Indiana,46295,fdemarsx@amazon.co.uk
SC-20770,Stewart,Carmichael,Corporate,70 Prairie Rose Parkway,Van Nuys,California,91411,dwylemany@shareasale.com
DN-13690,Duane,Noonan,Consumer,6 International Circle,Fresno,California,93762,rbarhemsz@npr.org
JC-16105,Julie,Creighton,Corporate,8 Springs Pass,El Paso,Texas,88525,tcaroline10@webmd.com
CS-12400,Christopher,Schild,Home Office,579 Northridge Court,Kansas City,Missouri,64136,jmanjot11@mtv.com
PG-18895,Paul,Gonzalez,Consumer,6 Iowa Way,Detroit,Michigan,48206,ceede12@artisteer.com
GM-14455,Gary,Mitchum,Home Office,476 Hanover Street,Los Angeles,California,90087,cmowett13@ehow.com
JS-15685,Jim,Sink,Corporate,199 Everett Alley,Montgomery,Alabama,36134,pbentall14@4shared.com
KB-16315,Karl,Braun,Consumer,25 Steensland Lane,New York City,New York,10045,mweekland15@comsenz.com
RB-19705,Roger,Barcio,Home Office,66 Ramsey Center,Knoxville,Tennessee,37939,kleavens16@smh.com.au
PN-18775,Parhena,Norris,Home Office,7 Holy Cross Plaza,Charleston,West Virginia,25331,sworrill17@purevolume.com
KD-16345,Katherine,Ducich,Consumer,9585 Shoshone Circle,Erie,Pennsylvania,16534,nthick18@exblog.jp
ER-13855,Elpida,Rittenbach,Corporate,9 Northridge Crossing,Las Vegas,Nevada,89115,credwood19@marketwatch.com
RB-19465,Rick,Bensley,Home Office,286 Erie Street,Dayton,Ohio,45419,jgatecliff1a@howstuffworks.com
GZ-14470,Gary,Zandusky,Consumer,72065 Caliangt Pass,Saint Louis,Missouri,63180,weverall1b@blog.com
LC-16870,Lena,Cacioppo,Consumer,77648 Barnett Center,Corpus Christi,Texas,78470,estroder1c@jalbum.net
JM-15250,Janet,Martin,Consumer,45412 Crownhardt Hill,Indianapolis,Indiana,46254,gferns1d@live.com
PA-19060,Pete,Armstrong,Home Office,353 Morrow Center,Myrtle Beach,South Carolina,29579,wklosa1e@simplemachines.org
CV-12805,Cynthia,Voltz,Corporate,3 Drewry Hill,Miami,Florida,33111,derbain1f@psu.edu
CL-12565,Clay,Ludtke,Consumer,34509 Aberg Pass,Irvine,California,92612,lbarabich1g@apache.org
RC-19960,Ryan,Crowe,Consumer,46 Kensington Road,Young America,Minnesota,55573,slooby1h@usnews.com
DK-13090,Dave,Kipp,Consumer,59 Hallows Road,Whittier,California,90610,enatte1i@photobucket.com
GG-14650,Greg,Guthrie,Corporate,49 Hagan Plaza,Hampton,Virginia,23663,bemmatt1j@moonfruit.com
SC-20725,Steven,Cartwright,Consumer,290 Reindahl Crossing,Scottsdale,Arizona,85260,lrimell1k@hostgator.com
AD-10180,Alan,Dominguez,Home Office,0770 Hudson Street,Brooklyn,New York,11231,dwinfield1l@msu.edu
PF-19165,Philip,Fox,Consumer,1828 Buhler Avenue,Huntsville,Alabama,35895,kcowely1m@hao123.com
TS-21610,Troy,Staebel,Consumer,858 Transport Avenue,Hialeah,Florida,33013,bmoizer1n@gnu.org
LS-16975,Lindsay,Shagiari,Home Office,151 Northland Parkway,Denver,Colorado,80235,mnannoni1o@cbsnews.com
DW-13585,Dorothy,Wardle,Corporate,957 Nancy Center,Erie,Pennsylvania,16522,vruhben1p@homestead.com
LC-16885,Lena,Creighton,Consumer,44 Shoshone Street,Nashville,Tennessee,37210,ksheffield1q@typepad.com
JD-15895,Jonathan,Doherty,Corporate,6932 Sage Terrace,Louisville,Kentucky,40250,pgerding1r@princeton.edu
SH-19975,Sally,Hughsby,Corporate,7323 Mitchell Pass,Little Rock,Arkansas,72204,ccluer1s@archive.org
SG-20080,Sandra,Glassco,Consumer,408 Killdeer Plaza,Houston,Texas,77250,mharland1t@narod.ru
HA-14920,Helen,Andreada,Consumer,3775 Knutson Trail,Grand Rapids,Michigan,49560,divasyushkin1u@nymag.com
MG-17680,Maureen,Gastineau,Home Office,63 Ohio Junction,Riverside,California,92513,aborres1v@fotki.com
JE-16165,Justin,Ellison,Corporate,0 Fisk Junction,Columbus,Mississippi,39705,gsnartt1w@nature.com
TW-21025,Tamara,Willingham,Home Office,6132 Sage Place,Shawnee Mission,Kansas,66210,tankers1x@dedecms.com
SP-20650,Stephanie,Phelps,Corporate,53648 Pearson Circle,Pittsburgh,Pennsylvania,15274,jadamthwaite1y@google.it
NK-18490,Neil,Knudson,Home Office,07 Almo Road,Chicago,Illinois,60657,cgullick1z@marketwatch.com
DB-13060,Dave,Brooks,Consumer,642 Spaight Pass,Redwood City,California,94064,cgrimsdale20@histats.com
NP-18670,Nora,Paige,Consumer,9195 Basil Lane,North Las Vegas,Nevada,89087,dmcdavitt21@utexas.edu
TT-21070,Ted,Trevino,Consumer,858 Goodland Way,San Jose,California,95155,yrobelow22@cargocollective.com
EM-13960,Eric,Murdock,Consumer,28910 Elka Court,Corona,California,92878,jstores23@imageshack.us
RD-19900,Ruben,Dartt,Consumer,015 Valley Edge Hill,Philadelphia,Pennsylvania,19115,aswadling24@ox.ac.uk
MJ-17740,Max,Jones,Consumer,32 Bobwhite Court,Kansas City,Missouri,64190,greely25@ebay.co.uk
BM-11140,Becky,Martin,Consumer,4544 Pennsylvania Drive,New York City,New York,10039,jelles26@webs.com
CS-12130,Chad,Sievert,Consumer,18 Brown Way,San Diego,California,92196,wlingard27@jimdo.com
JB-15400,Jennifer,Braxton,Corporate,07180 Waxwing Crossing,Durham,North Carolina,27717,pfaughey28@marketwatch.com
SJ-20500,Shirley,Jackson,Consumer,107 New Castle Park,Mobile,Alabama,36616,lpantin29@etsy.com
JK-15640,Jim,Kriz,Home Office,56484 Gale Pass,Saginaw,Michigan,48609,clapslie2a@about.me
DK-13150,David,Kendrick,Corporate,1465 Summerview Circle,Kansas City,Missouri,64142,aocorhane2b@census.gov
RM-19675,Robert,Marley,Home Office,5753 Schiller Parkway,Brooklyn,New York,11241,rwattinham2c@shinystat.com
SK-19990,Sally,Knutson,Consumer,417 Express Parkway,Minneapolis,Minnesota,55436,eiglesiaz2d@statcounter.com
FM-14290,Frank,Merwin,Home Office,2 Caliangt Trail,Lexington,Kentucky,40524,hbierling2e@mysql.com
AM-10360,Alice,McCarthy,Corporate,812 Westerfield Crossing,Oklahoma City,Oklahoma,73135,chauxby2f@slate.com
MP-17470,Mark,Packer,Home Office,56 Farragut Parkway,Topeka,Kansas,66606,mrehme2g@scientificamerican.com
MZ-17515,Mary,Zewe,Corporate,8851 Shopko Pass,El Paso,Texas,79940,eeverest2h@shareasale.com
CB-12025,Cassandra,Brandow,Consumer,45186 Fremont Park,New Haven,Connecticut,6510,egeertsen2i@sciencedirect.com
VM-21685,Valerie,Mitchum,Home Office,25 Center Way,Topeka,Kansas,66699,klamden2j@nydailynews.com
FH-14365,Fred,Hopkins,Corporate,428 Basil Street,Boston,Massachusetts,2114,rstotherfield2k@odnoklassniki.ru
MB-17305,Maria,Bertelson,Consumer,61314 Bowman Place,Little Rock,Arkansas,72231,sbrankley2l@cbslocal.com
BS-11755,Bruce,Stewart,Consumer,09798 Boyd Street,Boca Raton,Florida,33487,mjefferies2m@nymag.com
LC-17140,Logan,Currie,Consumer,945 Hazelcrest Alley,Toledo,Ohio,43635,mgarlick2n@homestead.com
HK-14890,Heather,Kirkland,Corporate,5 Petterle Center,Sacramento,California,95828,tkleinplatz2o@prlog.org
LE-16810,Laurel,Elliston,Consumer,07754 Merrick Place,Greensboro,North Carolina,27455,rseyler2p@examiner.com
JH-15985,Joseph,Holt,Consumer,990 Oneill Street,Minneapolis,Minnesota,55470,nborsi2q@washington.edu
MS-17980,Michael,Stewart,Corporate,49 Eggendart Plaza,Englewood,Colorado,80150,kahrendsen2r@reuters.com
VW-21775,Victoria,Wilson,Corporate,563 Miller Plaza,San Jose,California,95173,jperrington2s@netlog.com
JH-15910,Jonathan,Howell,Consumer,3 Thompson Terrace,Tyler,Texas,75710,lkenright2t@homestead.com
JB-15925,Joni,Blumstein,Consumer,1 Clove Court,Worcester,Massachusetts,1654,wklehyn2u@imageshack.us
DS-13180,David,Smith,Corporate,426 Vidon Circle,Spokane,Washington,99205,lkinnard2v@paginegialle.it
VD-21670,Valerie,Dominguez,Consumer,8 Mayfield Hill,Trenton,New Jersey,8650,bsoares2w@ihg.com
EA-14035,Erin,Ashbrook,Corporate,33767 Mosinee Road,Port Charlotte,Florida,33954,hkington2x@jiathis.com
DB-13120,David,Bremer,Corporate,35 Delladonna Court,Fresno,California,93721,dbirkmyr2y@prlog.org
KL-16645,Ken,Lonsdale,Consumer,114 Shoshone Parkway,Atlanta,Georgia,30323,pbeams2z@istockphoto.com
DW-13480,Dianna,Wilson,Home Office,2855 Goodland Lane,Wilkes Barre,Pennsylvania,18706,gsanbrooke30@booking.com
LH-17155,Logan,Haushalter,Consumer,5932 Westridge Circle,Dallas,Texas,75353,hrowland31@miibeian.gov.cn
KC-16540,Kelly,Collister,Consumer,3209 Bluestem Avenue,Washington,District of Columbia,20414,kholtum32@ft.com
DL-13315,Delfina,Latchford,Consumer,06151 Division Crossing,Harrisburg,Pennsylvania,17126,dolifaunt33@google.com
DR-12880,Dan,Reichenbach,Corporate,83809 Buell Circle,Pasadena,California,91109,pbenneyworth34@cisco.com
CC-12670,Craig,Carreira,Consumer,7054 Dakota Street,Des Moines,Iowa,50393,emegroff35@tmall.com
Dl-13600,Dorris,liebe,Corporate,53 Sundown Point,Houston,Texas,77005,sdecourcy36@creativecommons.org
SB-20290,Sean,Braxton,Corporate,6 Old Gate Park,Petaluma,California,94975,fnairns37@google.it
RC-19825,Roy,Collins,Consumer,9879 Pepper Wood Way,Glendale,California,91210,lkobke38@baidu.com
AH-10210,Alan,Hwang,Consumer,53884 Blaine Street,Richmond,Virginia,23208,nchilver39@devhub.com
CB-12535,Claudia,Bergmann,Corporate,0793 Russell Way,Olympia,Washington,98506,ahamman3a@liveinternet.ru
CA-12310,Christine,Abelman,Corporate,0 Kedzie Parkway,San Antonio,Texas,78278,smales3b@themeforest.net
KH-16690,Kristen,Hastings,Corporate,244 Morning Parkway,Montgomery,Alabama,36104,dbraysher3c@narod.ru
BB-10990,Barry,Blumstein,Corporate,513 Oak Terrace,Fort Lauderdale,Florida,33320,tshervil3d@networkadvertising.org
AG-10495,Andrew,Gjertsen,Corporate,90869 Esker Place,Washington,District of Columbia,20046,aginnety3e@taobao.com
JO-15280,Jas,O'Carroll,Consumer,937 6th Hill,Pensacola,Florida,32511,sbeevens3f@cbslocal.com
AH-10195,Alan,Haines,Corporate,6 Sloan Trail,San Antonio,Texas,78210,kclines3g@theatlantic.com
NZ-18565,Nick,Zandusky,Home Office,5936 Schurz Road,Charleston,West Virginia,25336,pdederick3h@weebly.com
KL-16555,Kelly,Lampkin,Corporate,97751 Emmet Avenue,Great Neck,New York,11024,abarti3i@xinhuanet.com
AS-10225,Alan,Schoenberger,Corporate,0186 Norway Maple Point,Madison,Wisconsin,53779,ncourse3j@home.pl
CR-12625,Corey,Roper,Home Office,417 Messerschmidt Circle,Jacksonville,Florida,32204,jockwell3k@wikispaces.com
SH-20395,Shahid,Hopkins,Consumer,648 Stoughton Center,Tallahassee,Florida,32304,pperacco3l@biblegateway.com
BP-11185,Ben,Peterman,Corporate,30 Packers Lane,Honolulu,Hawaii,96820,ashowen3m@163.com
TS-21205,Thomas,Seio,Corporate,598 Steensland Center,Tyler,Texas,75710,kbartolommeo3n@theguardian.com
AG-10525,Andy,Gerbode,Corporate,79 Granby Lane,Bryan,Texas,77806,gfollen3o@domainmarket.com
SP-20860,Sung,Pak,Corporate,52577 John Wall Lane,Pompano Beach,Florida,33064,cschulze3p@hibu.com
NM-18445,Nathan,Mautz,Home Office,9099 Springs Street,Schenectady,New York,12325,ncolvie3q@domainmarket.com
FA-14230,Frank,Atkinson,Corporate,5 Green Hill,Sioux Falls,South Dakota,57193,hsaunderson3r@jiathis.com
GK-14620,Grace,Kelly,Corporate,3 Glacier Hill Street,South Lake Tahoe,California,96154,efender3s@elpais.com
DJ-13510,Don,Jones,Corporate,95809 Bunting Drive,Frankfort,Kentucky,40618,bboustead3t@phpbb.com
PO-18850,Patrick,O'Brill,Consumer,275 Fairview Point,Springfield,Virginia,22156,hfiler3u@hud.gov
JL-15850,John,Lucas,Consumer,0042 Bluejay Avenue,Madison,Wisconsin,53785,gnorthey3v@acquirethisname.com
DB-13615,Doug,Bickford,Consumer,267 Kensington Plaza,Columbia,South Carolina,29215,ebrozsset3w@com.com
AC-10420,Alyssa,Crouse,Corporate,5 Fairfield Hill,Fort Pierce,Florida,34949,gfripp3x@google.ru
CC-12550,Clay,Cheatham,Consumer,25 Butternut Drive,Fort Lauderdale,Florida,33315,cgarvan3y@blogger.com
TD-20995,Tamara,Dahlen,Consumer,6 4th Court,Boise,Idaho,83716,rturford3z@cbc.ca
AB-10060,Adam,Bellavance,Home Office,47 Birchwood Place,Pensacola,Florida,32520,rcheke40@cocolog-nifty.com
JL-15505,Jeremy,Lonsdale,Consumer,0539 Bunting Lane,Denver,Colorado,80217,apllu41@ehow.com
VB-21745,Victoria,Brennan,Corporate,332 Sommers Lane,San Francisco,California,94169,rjewkes42@unicef.org
KW-16435,Katrina,Willman,Consumer,9 Monica Hill,Winston Salem,North Carolina,27116,cmille43@toplist.cz
JD-16060,Julia,Dunbar,Consumer,4 Clemons Crossing,Springfield,Massachusetts,1152,sprobate44@amazon.com
MK-17905,Michael,Kennedy,Corporate,06464 Kennedy Junction,Los Angeles,California,90189,erudeyeard45@weibo.com
GT-14755,Guy,Thornton,Consumer,8143 Dayton Way,Philadelphia,Pennsylvania,19115,ssellack46@edublogs.org
AG-10900,Arthur,Gainer,Consumer,042 Sauthoff Circle,San Diego,California,92121,sedmund47@bandcamp.com
MM-18280,Muhammed,MacIntyre,Corporate,9 Crownhardt Lane,Kansas City,Missouri,64187,ilethebridge48@bigcartel.com
AR-10405,Allen,Rosenblatt,Corporate,05020 Michigan Circle,Boise,Idaho,83711,mmaccorkell49@bluehost.com
RA-19915,Russell,Applegate,Consumer,0 Mockingbird Center,Whittier,California,90605,ustarr4a@blogger.com
AS-10285,Alejandro,Savely,Corporate,57557 Cambridge Terrace,Bakersfield,California,93399,spenhearow4b@wufoo.com
LA-16780,Laura,Armstrong,Corporate,15203 Hallows Crossing,Vancouver,Washington,98664,edabbs4c@virginia.edu
DO-13435,Denny,Ordway,Consumer,87096 Rutledge Center,Jacksonville,Florida,32236,bdenyukin4d@amazon.co.uk
DK-13225,Dean,Katz,Corporate,890 Kinsman Hill,Atlanta,Georgia,31165,rstalf4e@mediafire.com
NG-18430,Nathan,Gelder,Consumer,92095 Laurel Plaza,Omaha,Nebraska,68117,wcahalin4f@elegantthemes.com
MV-18190,Mike,Vittorini,Consumer,70250 Graceland Lane,Baton Rouge,Louisiana,70810,rinnett4g@google.it
JG-15115,Jack,Garza,Consumer,2466 Sage Lane,Dallas,Texas,75323,whaddinton4h@issuu.com
BP-11095,Bart,Pistole,Corporate,3 Sachtjen Junction,Charleston,West Virginia,25313,dcowcha4i@technorati.com
VP-21730,Victor,Preis,Home Office,2915 Southridge Hill,Los Angeles,California,90087,kflaunders4j@theglobeandmail.com
SS-20140,Saphhira,Shifley,Corporate,6108 Lien Junction,Atlanta,Georgia,30351,vable4k@tinypic.com
AG-10675,Anna,Gayman,Consumer,01704 Shopko Street,Pittsburgh,Pennsylvania,15274,smauro4l@google.com
LF-17185,Luke,Foster,Consumer,12 Buell Point,Minneapolis,Minnesota,55407,lshall4m@chicagotribune.com
RF-19840,Roy,Französisch,Consumer,6 Stang Trail,Trenton,New Jersey,8650,crustman4n@devhub.com
KH-16510,Keith,Herrera,Consumer,7 Hallows Parkway,Winston Salem,North Carolina,27110,knewling4o@booking.com
KC-16675,Kimberly,Carter,Corporate,76 Lawn Trail,Memphis,Tennessee,38131,lgarritley4p@ovh.net
CJ-12010,Caroline,Jumper,Consumer,3900 Maple Avenue,Peoria,Illinois,61640,rsiveter4q@guardian.co.uk
PB-19150,Philip,Brown,Consumer,3 Evergreen Crossing,Charleston,West Virginia,25356,scargon4r@issuu.com
MP-17965,Michael,Paige,Corporate,11247 Shopko Parkway,Erie,Pennsylvania,16565,smaving4s@hatena.ne.jp
NF-18385,Natalie,Fritzler,Consumer,3 Welch Drive,Washington,District of Columbia,20022,sportman4t@com.com
SD-20485,Shirley,Daniels,Home Office,8 Westport Road,Phoenix,Arizona,85030,beykelhof4u@mtv.com
KH-16630,Ken,Heidel,Corporate,6868 Veith Street,Durham,North Carolina,27705,amelluish4v@soup.io
RB-19795,Ross,Baird,Home Office,53 Clyde Gallagher Circle,Corpus Christi,Texas,78410,gbale4w@businesswire.com
MK-18160,Mike,Kennedy,Consumer,58832 Westerfield Trail,Washington,District of Columbia,20016,scongreve4x@discuz.net
PO-19180,Philisse,Overcash,Home Office,035 Bashford Park,Montgomery,Alabama,36119,bwelband4y@eepurl.com
BB-11545,Brenda,Bowman,Corporate,2749 6th Terrace,Detroit,Michigan,48258,vdeeley4z@w3.org
TB-21595,Troy,Blackwell,Consumer,81620 Hudson Trail,Los Angeles,California,90045,aagronski50@cafepress.com
RB-19360,Raymond,Buch,Consumer,042 Holy Cross Road,Sacramento,California,94263,fsivyour51@princeton.edu
EB-13705,Ed,Braxton,Corporate,0777 Fair Oaks Trail,Austin,Texas,78764,soakden52@usnews.com
SC-20095,Sanjit,Chand,Consumer,78912 Rutledge Place,Baltimore,Maryland,21281,rbeckerleg53@google.co.uk
TN-21040,Tanja,Norvell,Home Office,44 Londonderry Junction,Richmond,Virginia,23203,lcourvert54@stanford.edu
JS-15940,Joni,Sundaresam,Home Office,535 Macpherson Road,Davenport,Iowa,52804,dogdahl55@nhs.uk
MH-17785,Maya,Herman,Corporate,505 Westend Way,Omaha,Nebraska,68144,mmessitt56@usatoday.com
JP-15520,Jeremy,Pistek,Consumer,15 Park Meadow Junction,Houston,Texas,77266,ofairley57@cdc.gov
JE-15475,Jeremy,Ellison,Consumer,4 Kensington Park,Long Beach,California,90847,joliphand58@cpanel.net
JG-15805,John,Grady,Corporate,76705 Maywood Lane,Portland,Oregon,97286,ltsar59@rakuten.co.jp
XP-21865,Xylona,Preis,Consumer,1 Maryland Center,Sarasota,Florida,34276,rduchart5a@sciencedirect.com
EM-14065,Erin,Mull,Consumer,39122 Debra Drive,Louisville,Kentucky,40293,dfranzotto5b@ucsd.edu
MT-18070,Michelle,Tran,Home Office,0 Clyde Gallagher Terrace,Lexington,Kentucky,40591,dkahn5c@ning.com
SA-20830,Sue,Ann,Consumer,8 Nobel Road,Albany,Georgia,31704,jskpsey5d@unblog.fr
CW-11905,Carl,Weiss,Home Office,12865 Monument Drive,Lafayette,Indiana,47905,echasteau5e@elegantthemes.com
AJ-10960,Astrea,Jones,Consumer,403 Artisan Park,Indianapolis,Indiana,46202,amerritt5f@wp.com
SS-20590,Sonia,Sunley,Consumer,432 Hollow Ridge Junction,Saint Paul,Minnesota,55103,fjatczak5g@addtoany.com
RO-19780,Rose,O'Brian,Consumer,21 American Crossing,Washington,District of Columbia,20231,kmargiotta5h@devhub.com
MD-17350,Maribeth,Dona,Consumer,3 Morrow Court,Carol Stream,Illinois,60351,jbalaam5i@creativecommons.org
MY-17380,Maribeth,Yedwab,Corporate,297 Barby Crossing,Cedar Rapids,Iowa,52410,droggero5j@bloglines.com
CM-12385,Christopher,Martinez,Consumer,41 Judy Avenue,Washington,District of Columbia,20397,therreran5k@soup.io
LS-17245,Lynn,Smith,Consumer,68 Scoville Point,Worcester,Massachusetts,1605,rpattrick5l@storify.com
BN-11515,Bradley,Nguyen,Consumer,850 Lotheville Trail,Madison,Wisconsin,53710,ilaverack5m@washington.edu
DB-13210,Dean,Braden,Consumer,17787 Menomonie Point,Stockton,California,95298,khalwood5n@fc2.com
MC-17605,Matt,Connell,Corporate,82764 Norway Maple Drive,Jackson,Tennessee,38308,glauxmann5o@who.int
BD-11605,Brian,Dahlen,Consumer,4730 Lillian Crossing,Lake Worth,Florida,33467,dproctor5p@ucsd.edu
PH-18790,Patricia,Hirasaki,Home Office,26020 Fallview Street,San Antonio,Texas,78220,hdearlove5q@europa.eu
MG-18145,Mike,Gockenbach,Consumer,7539 International Hill,Oklahoma City,Oklahoma,73119,mbotham5r@icio.us
KB-16240,Karen,Bern,Corporate,962 Hovde Point,North Las Vegas,Nevada,89036,dbutson5s@themeforest.net
JC-15340,Jasper,Cacioppo,Consumer,8576 Farmco Trail,Grand Rapids,Michigan,49560,nfarran5t@privacy.gov.au
RL-19615,Rob,Lucas,Consumer,300 Kedzie Drive,Austin,Texas,78737,csolley5u@tmall.com
AA-10375,Allen,Armold,Consumer,2 Victoria Parkway,New Orleans,Louisiana,70142,mhurt5v@upenn.edu
EP-13915,Emily,Phan,Consumer,80329 Farragut Road,Nashville,Tennessee,37220,iwegman5w@msn.com
DK-12985,Darren,Koutras,Consumer,3 Sachtjen Pass,Detroit,Michigan,48232,gelies5x@cdbaby.com
BD-11500,Bradley,Drucker,Consumer,029 Lindbergh Way,Young America,Minnesota,55557,mbunce5y@discovery.com
LM-17065,Liz,MacKendrick,Consumer,20 Packers Trail,Roanoke,Virginia,24048,beighteen5z@umich.edu
AS-10135,Adrian,Shami,Home Office,29182 Warbler Plaza,Salt Lake City,Utah,84110,mbonelle60@homestead.com
BD-11320,Bill,Donatelli,Consumer,8533 Sunfield Lane,Montgomery,Alabama,36114,aswiffan61@gizmodo.com
GT-14710,Greg,Tran,Consumer,53 Carioca Trail,Washington,District of Columbia,20029,sorneblow62@usatoday.com
AJ-10945,Ashley,Jarboe,Consumer,37 Namekagon Terrace,Macon,Georgia,31205,mbullin63@mapquest.com
OT-18730,Olvera,Toch,Consumer,18 Holy Cross Drive,Lexington,Kentucky,40586,vgerding64@cloudflare.com
LP-17080,Liz,Pelletier,Consumer,6349 Graedel Street,Sterling,Virginia,20167,aqueree65@myspace.com
CA-12775,Cynthia,Arntzen,Consumer,294 Dixon Terrace,Nashville,Tennessee,37228,dbudnik66@bigcartel.com
JF-15490,Jeremy,Farry,Consumer,69030 Fremont Road,Flushing,New York,11388,hkillough67@dagondesign.com
FP-14320,Frank,Preis,Consumer,6644 Macpherson Hill,Roanoke,Virginia,24014,ppatey68@trellian.com
EB-13840,Ellis,Ballard,Corporate,0 Clemons Trail,New York City,New York,10155,ajebb69@about.com
JF-15415,Jennifer,Ferguson,Consumer,83145 Pennsylvania Park,Norfolk,Virginia,23514,scherrie6a@drupal.org
SF-20200,Sarah,Foster,Consumer,5132 Tennessee Junction,Seattle,Washington,98109,jkevlin6b@theatlantic.com
TG-21640,Trudy,Glocke,Consumer,5 American Ash Point,Austin,Texas,78710,glivingstone6c@chron.com
CS-11950,Carlos,Soltero,Consumer,4247 Birchwood Pass,Waco,Texas,76705,rdignam6d@apple.com
CC-12145,Charles,Crestani,Consumer,11226 Westerfield Junction,Portland,Oregon,97221,aalbinson6e@mapy.cz
DV-13465,Dianna,Vittorini,Consumer,52 Homewood Park,Lubbock,Texas,79452,sbroadey6f@arstechnica.com
BD-11725,Bruce,Degenhardt,Consumer,8766 Green Terrace,Pensacola,Florida,32511,bcattermoul6g@a8.net
ZC-21910,Zuschuss,Carroll,Consumer,28428 Express Park,Inglewood,California,90310,sfarthin6h@seattletimes.com
MS-17830,Melanie,Seite,Consumer,0104 Green Street,San Francisco,California,94177,aflaonier6i@blogspot.com
LR-16915,Lena,Radford,Consumer,4 Vermont Point,Columbus,Ohio,43204,ldriver6j@tumblr.com
TP-21130,Theone,Pippenger,Consumer,31 Division Alley,Washington,District of Columbia,20062,aboys6k@shutterfly.com
CK-12205,Chloris,Kastensmidt,Consumer,805 Pearson Point,Shawnee Mission,Kansas,66210,rbuscher6l@aol.com
AS-10240,Alan,Shonely,Consumer,392 Scofield Junction,Albuquerque,New Mexico,87140,jsnoddon6m@goo.ne.jp
AR-10510,Andrew,Roberts,Consumer,4 Nobel Point,Lake Worth,Florida,33467,saugustine6n@digg.com
NB-18655,Nona,Balk,Corporate,73280 Forest Center,Saint Petersburg,Florida,33705,tbeadle6o@youtu.be
GD-14590,Giulietta,Dortch,Corporate,1 Melby Lane,Lakeland,Florida,33805,jbowring6p@is.gd
CK-12595,Clytie,Kelty,Consumer,6709 Eastlawn Center,Erie,Pennsylvania,16550,acaldaro6q@wix.com
NG-18355,Nat,Gilpin,Corporate,77 Reinke Center,Seattle,Washington,98115,clethbridge6r@sohu.com
CA-12265,Christina,Anderson,Consumer,374 Melrose Alley,Springfield,Illinois,62794,sdriuzzi6s@springer.com
SF-20965,Sylvia,Foulston,Corporate,2 Sage Street,San Diego,California,92191,jkleiner6t@msn.com
MO-17800,Meg,O'Connel,Home Office,12388 Esch Avenue,Winston Salem,North Carolina,27157,spetyakov6u@acquirethisname.com
AT-10735,Annie,Thurman,Consumer,37 8th Plaza,Los Angeles,California,90045,jdimic6v@bravesites.com
FM-14380,Fred,McMath,Consumer,24 Oak Plaza,Harrisburg,Pennsylvania,17121,rianelli6w@timesonline.co.uk
DJ-13420,Denny,Joy,Corporate,39338 Kennedy Court,Pasadena,California,91125,vbatrick6x@kickstarter.com
ME-17725,Max,Engle,Consumer,3349 Basil Avenue,Tucson,Arizona,85737,cstudman6y@blog.com
JD-16150,Justin,Deggeller,Corporate,7970 Claremont Way,San Francisco,California,94116,ibridger6z@mac.com
JL-15835,John,Lee,Consumer,4606 Melody Plaza,Lexington,Kentucky,40546,fhelix70@wordpress.org
SC-20305,Sean,Christensen,Consumer,93 Southridge Drive,Syracuse,New York,13205,sdelamaine71@istockphoto.com
CC-12430,Chuck,Clark,Home Office,636 Upham Street,Saint Louis,Missouri,63169,cguilayn72@qq.com
AR-10825,Anthony,Rawles,Corporate,7 Rowland Road,Omaha,Nebraska,68134,ballbut73@weebly.com
SR-20740,Steven,Roelle,Home Office,44601 Badeau Circle,Eugene,Oregon,97405,ystarmont74@icq.com
CR-12730,Craig,Reiter,Consumer,79343 Sauthoff Plaza,Cumming,Georgia,30130,gaxten75@cisco.com
EH-14125,Eugene,Hildebrand,Home Office,22240 Boyd Place,Santa Monica,California,90410,sfitzroy76@live.com
SP-20545,Sibella,Parks,Corporate,9 Michigan Plaza,Pasadena,California,91103,sspacy77@about.me
TH-21235,Tiffany,House,Corporate,2376 International Center,Paterson,New Jersey,7522,bjayme78@de.vu
RP-19390,Resi,Pölking,Consumer,33 Lunder Hill,Washington,District of Columbia,20078,rwatters79@sphinn.com
RB-19570,Rob,Beeghly,Consumer,72 Cody Street,New Orleans,Louisiana,70165,gdurrant7a@hud.gov
CD-11980,Carol,Darley,Consumer,2673 Thompson Road,Mobile,Alabama,36641,visland7b@elpais.com
DJ-13630,Doug,Jacobs,Consumer,2292 Lukken Center,Clearwater,Florida,34620,gpegg7c@baidu.com
GT-14635,Grant,Thornton,Corporate,4482 Maryland Hill,Philadelphia,Pennsylvania,19115,lgraves7d@clickbank.net
MC-17845,Michael,Chen,Consumer,6 Gateway Parkway,Peoria,Illinois,61656,mhunnybun7e@edublogs.org
RA-19285,Ralph,Arnett,Consumer,15049 Mitchell Court,Dayton,Ohio,45403,cduffin7f@mail.ru
NP-18325,Naresj,Patel,Consumer,0570 Stone Corner Parkway,Tacoma,Washington,98411,vtedridge7g@scribd.com
AB-10165,Alan,Barnes,Consumer,229 Eliot Trail,Chicago,Illinois,60619,sdade7h@drupal.org
JO-15550,Jesus,Ocampo,Home Office,1 Prentice Crossing,Oakland,California,94616,gvaszoly7i@prweb.com
JK-15370,Jay,Kimmel,Consumer,2 Randy Street,Yakima,Washington,98907,wlampbrecht7j@dyndns.org
BN-11470,Brad,Norvell,Corporate,7 Maryland Alley,Henderson,Nevada,89074,spostles7k@live.com
DP-13165,David,Philippe,Consumer,7113 Brentwood Pass,Tucson,Arizona,85720,bgamet7l@imdb.com
TH-21550,Tracy,Hopkins,Home Office,04 Hoepker Place,Pasadena,California,91117,ymandrake7m@cbc.ca
AP-10915,Arthur,Prichep,Consumer,1 Sundown Place,Honolulu,Hawaii,96820,kpavolillo7n@hibu.com
RS-19765,Roland,Schwarz,Corporate,54 Sundown Place,Dallas,Texas,75372,mantonias7o@businessinsider.com
SV-20365,Seth,Vernon,Consumer,7 Monica Plaza,El Paso,Texas,88558,hbullin7p@freewebs.com
CK-12325,Christine,Kargatis,Home Office,6 Doe Crossing Pass,Chesapeake,Virginia,23324,lkarlolczak7q@dyndns.org
RD-19810,Ross,DeVincentis,Home Office,9 Glacier Hill Crossing,White Plains,New York,10633,gtesche7r@trellian.com
MR-17545,Mathew,Reese,Home Office,56916 Artisan Center,Cleveland,Ohio,44197,mcockshot7s@foxnews.com
SC-20695,Steve,Chapman,Corporate,89084 Sage Park,Lubbock,Texas,79491,fdibben7t@oaic.gov.au
JF-15355,Jay,Fein,Consumer,2 Kedzie Junction,Great Neck,New York,11024,mlehmann7u@wiley.com
EG-13900,Emily,Grady,Consumer,3 Surrey Drive,Bronx,New York,10464,sgunnell7v@go.com
DS-13030,Darrin,Sayre,Home Office,68 Bashford Trail,San Antonio,Texas,78250,lshepley7w@flickr.com
PO-19195,Phillina,Ober,Home Office,18902 Ryan Hill,Naples,Florida,33963,bgipson7x@upenn.edu
SS-20875,Sung,Shariari,Consumer,27 Oxford Park,Sioux City,Iowa,51105,amoulds7y@woothemes.com
PB-19105,Peter,Bühler,Consumer,34 Riverside Parkway,Youngstown,Ohio,44511,ddumphreys7z@mapquest.com
RF-19735,Roland,Fjeld,Consumer,8 Bartelt Point,Akron,Ohio,44310,cbottell80@chronoengine.com
YC-21895,Yoseph,Carroll,Corporate,196 Truax Point,Fresno,California,93794,dmcguiness81@ocn.ne.jp
DC-13285,Debra,Catini,Consumer,679 Farragut Road,Terre Haute,Indiana,47805,dgrimwade82@elegantthemes.com
CP-12340,Christine,Phan,Corporate,3 Eagle Crest Plaza,Houston,Texas,77206,omisselbrook83@ustream.tv
BF-11020,Barry,Französisch,Corporate,64 Miller Alley,Salt Lake City,Utah,84152,mhalburton84@accuweather.com
LH-17020,Lisa,Hazard,Consumer,8 Sundown Place,Virginia Beach,Virginia,23471,rhellmer85@bravesites.com
CS-12250,Chris,Selesnick,Corporate,19553 American Park,South Bend,Indiana,46699,aclaricoats86@upenn.edu
AJ-10795,Anthony,Johnson,Corporate,49 Stuart Avenue,Tucson,Arizona,85743,kslyde87@dropbox.com
BV-11245,Benjamin,Venier,Corporate,6886 Buell Hill,San Jose,California,95113,tbunney88@wikimedia.org
DL-12865,Dan,Lawera,Consumer,098 Judy Trail,Johnson City,Tennessee,37605,ewitherby89@apache.org
BM-11785,Bryan,Mills,Consumer,82 Banding Court,Chicago,Illinois,60641,sbere8a@1688.com
LT-17110,Liz,Thompson,Consumer,0 Meadow Ridge Hill,Miami,Florida,33134,olabroue8b@digg.com
JK-15730,Joe,Kamberova,Consumer,50 Bartelt Park,Bronx,New York,10474,estokell8c@mit.edu
ES-14020,Erica,Smith,Consumer,43 Norway Maple Pass,Migrate,Kentucky,41905,mlangmaid8d@salon.com
RH-19495,Rick,Hansen,Consumer,425 Burning Wood Circle,Tampa,Florida,33686,lcawthorn8e@mapy.cz
CD-11920,Carlos,Daly,Consumer,33046 Forest Court,San Francisco,California,94126,ymckimmey8f@vkontakte.ru
HW-14935,Helen,Wasserman,Corporate,5 Kropf Alley,New York City,New York,10249,hroels8g@comsenz.com
MC-18130,Mike,Caudle,Corporate,40644 Rockefeller Pass,Metairie,Louisiana,70005,jcaroll8h@usnews.com
GM-14440,Gary,McGarr,Consumer,457 Golf View Street,Huntington,West Virginia,25726,cmeehan8i@paypal.com
PJ-19015,Pauline,Johnson,Consumer,362 Kenwood Hill,Houston,Texas,77234,hdunthorn8j@wufoo.com
BW-11110,Bart,Watters,Corporate,1 Moland Pass,San Antonio,Texas,78215,arowantree8k@archive.org
TR-21325,Toby,Ritter,Consumer,55164 Tony Road,Santa Ana,California,92725,cblazewicz8l@state.tx.us
PG-18820,Patrick,Gardner,Consumer,014 Hoffman Crossing,Lynn,Massachusetts,1905,dsplevings8m@craigslist.org
JL-15175,James,Lanier,Home Office,297 Butterfield Point,Kansas City,Missouri,64109,dklemencic8n@wikispaces.com
BM-11650,Brian,Moss,Corporate,54101 Autumn Leaf Drive,Delray Beach,Florida,33448,djenicek8o@army.mil
EM-14095,Eudokia,Martin,Corporate,843 Northland Circle,Huntsville,Alabama,35805,kmaharey8p@dailymotion.com
AF-10885,Art,Foster,Consumer,867 Acker Place,Dallas,Texas,75397,clett8q@noaa.gov
GA-14725,Guy,Armstrong,Consumer,0 Londonderry Plaza,Augusta,Georgia,30919,igorrissen8r@ehow.com
CK-12760,Cyma,Kinney,Corporate,38 Nevada Street,Lexington,Kentucky,40515,acondon8s@tuttocitta.it
DP-13105,Dave,Poirier,Corporate,2254 Schmedeman Court,Spokane,Washington,99260,msarll8t@seattletimes.com
BK-11260,Berenike,Kampe,Consumer,433 Kinsman Parkway,Maple Plain,Minnesota,55579,fkacheller8u@amazonaws.com
SJ-20125,Sanjit,Jacobs,Home Office,0 Welch Alley,New Orleans,Louisiana,70129,npadfield8v@ucoz.ru
CM-12445,Chuck,Magee,Consumer,1 Springs Center,Seattle,Washington,98115,tcasterou8w@microsoft.com
AJ-10780,Anthony,Jacobs,Corporate,934 Buell Way,Corona,California,92883,ekeher8x@odnoklassniki.ru
LS-16945,Linda,Southworth,Corporate,56 Heath Point,Scottsdale,Arizona,85260,stresler8y@java.com
GP-14740,Guy,Phonely,Corporate,9 Northfield Park,Lincoln,Nebraska,68517,bpeebles8z@webnode.com
PK-18910,Paul,Knutson,Home Office,7 Spenser Drive,Madison,Wisconsin,53779,mcristoferi90@marriott.com
SM-20005,Sally,Matthias,Consumer,66480 Eagle Crest Avenue,Fort Lauderdale,Florida,33355,mlefeaver91@ovh.net
AG-10765,Anthony,Garverick,Home Office,553 Schmedeman Crossing,Nashville,Tennessee,37215,ghaney92@taobao.com
PM-19135,Peter,McVee,Home Office,24 Atwood Junction,Madison,Wisconsin,53779,dberens93@creativecommons.org
LL-16840,Lauren,Leatherbury,Consumer,256 Dakota Lane,Louisville,Kentucky,40280,thatrick94@example.com
JS-15595,Jill,Stevenson,Corporate,3322 Hazelcrest Lane,Schaumburg,Illinois,60193,imcquilkin95@ebay.com
EL-13735,Ed,Ludwig,Home Office,52 Russell Circle,Manchester,New Hampshire,3105,gkinch96@fotki.com
PC-18745,Pamela,Coakley,Corporate,00862 6th Alley,Montpelier,Vermont,5609,ocornely97@pinterest.com
HL-15040,Hunter,Lopez,Consumer,1 Manitowish Parkway,Oklahoma City,Oklahoma,73152,twhitham98@cisco.com
MS-17365,Maribeth,Schnelling,Consumer,073 Loeprich Junction,Atlanta,Georgia,31106,ucauston99@aboutads.info
GB-14530,George,Bell,Corporate,9 Clyde Gallagher Point,Washington,District of Columbia,20078,fantonucci9a@dion.ne.jp
JR-16210,Justin,Ritter,Corporate,121 Moulton Drive,Memphis,Tennessee,38119,wgraeser9b@pbs.org
BE-11335,Bill,Eplett,Home Office,16 Forest Run Court,Mesquite,Texas,75185,adunniom9c@cocolog-nifty.com
SC-20050,Sample,Company,Home Office,7 Mcbride Park,San Bernardino,California,92405,eloiterton9d@hexun.com
RW-19630,Rob,Williams,Corporate,7 Eliot Street,Los Angeles,California,90005,oshetliff9e@illinois.edu
SE-20110,Sanjit,Engle,Consumer,75928 Rusk Terrace,Bradenton,Florida,34282,lmussettini9f@nps.gov
AH-10075,Adam,Hart,Corporate,7857 Browning Court,Chicago,Illinois,60657,lgrieves9g@hatena.ne.jp
JM-15535,Jessica,Myrick,Consumer,719 Rockefeller Parkway,Birmingham,Alabama,35231,ckener9h@imdb.com
JJ-15760,Joel,Jenkins,Home Office,6595 Nancy Terrace,Pensacola,Florida,32526,njanzen9i@mapquest.com
RK-19300,Ralph,Kennedy,Consumer,28243 Eliot Avenue,Pasadena,California,91186,hsuche9j@google.fr
CG-12040,Catherine,Glotzbach,Home Office,95 Swallow Park,Sacramento,California,95833,afarherty9k@tumblr.com
RP-19270,Rachel,Payne,Corporate,9944 Bayside Avenue,Pensacola,Florida,32505,cspincke9l@elpais.com
KC-16255,Karen,Carlisle,Corporate,506 Superior Avenue,Shreveport,Louisiana,71115,whenfre9m@census.gov
KH-16360,Katherine,Hughes,Consumer,809 Canary Drive,Arlington,Texas,76004,pgerhardt9n@disqus.com
GH-14665,Greg,Hansen,Consumer,3 Haas Trail,Austin,Texas,78710,jsemerad9o@wikia.com
SW-20275,Scott,Williamson,Consumer,78494 Granby Park,Hagerstown,Maryland,21747,nmccall9p@intel.com
JA-15970,Joseph,Airdo,Consumer,19497 Meadow Vale Way,Birmingham,Alabama,35285,kjacqueme9q@reverbnation.com
DL-12925,Daniel,Lacy,Consumer,646 Pearson Point,Newport News,Virginia,23612,tabriani9r@weather.com
LW-16990,Lindsay,Williams,Corporate,22 Sycamore Circle,Hartford,Connecticut,6120,kdray9s@yolasite.com
TB-21190,Thomas,Brumley,Home Office,0 Hagan Trail,Denver,Colorado,80228,pbennallck9t@histats.com
BS-11800,Bryan,Spruell,Home Office,4407 John Wall Alley,Danbury,Connecticut,6816,brobart9u@virginia.edu
RW-19690,Robert,Waldorf,Consumer,16 Namekagon Junction,Harrisburg,Pennsylvania,17126,akinghorn9v@bloglovin.com
TZ-21580,Tracy,Zic,Consumer,83108 Transport Street,San Jose,California,95113,sblois9w@cisco.com
AS-10630,Ann,Steele,Home Office,160 Victoria Road,Los Angeles,California,90020,tbailiss9x@indiegogo.com
TS-21340,Toby,Swindell,Consumer,209 East Junction,Dayton,Ohio,45426,geringey9y@nytimes.com
SL-20155,Sara,Luxemburg,Home Office,9040 Holmberg Plaza,Atlanta,Georgia,30358,demptage9z@tumblr.com
MW-18235,Mitch,Willingham,Corporate,7 Clove Court,Rochester,New York,14609,mwratesa0@virginia.edu
RD-19585,Rob,Dowd,Consumer,1730 Hauk Point,Little Rock,Arkansas,72222,dorrissa1@moonfruit.com
RA-19945,Ryan,Akin,Consumer,1 Mayfield Way,Oklahoma City,Oklahoma,73197,saveriesa2@earthlink.net
MT-17815,Meg,Tillman,Consumer,26 Roth Center,San Jose,California,95123,ldowda3@google.es
VG-21790,Vivek,Gonzalez,Consumer,8 Rutledge Court,Shawnee Mission,Kansas,66286,juppetta4@lycos.com
JS-15880,John,Stevenson,Consumer,16 Spenser Avenue,Baltimore,Maryland,21229,rclintona5@reverbnation.com
KM-16225,Kalyca,Meade,Corporate,93 La Follette Terrace,Seattle,Washington,98158,dmclagaina6@dyndns.org
HR-14770,Hallie,Redmond,Home Office,9 Longview Court,Hartford,Connecticut,6145,tjukubczaka7@hc360.com
DE-13255,Deanra,Eno,Home Office,12957 Russell Lane,Indianapolis,Indiana,46254,kzemlera8@timesonline.co.uk
AG-10390,Allen,Goldenen,Consumer,2121 Blue Bill Park Parkway,Dayton,Ohio,45414,cleafa9@baidu.com
JJ-15445,Jennifer,Jackson,Consumer,6 Northridge Plaza,Phoenix,Arizona,85067,rkisbeeaa@linkedin.com
JH-15430,Jennifer,Halladay,Consumer,1752 Tennessee Parkway,Philadelphia,Pennsylvania,19131,shobellab@shutterfly.com
RD-19660,Robert,Dilbeck,Home Office,98960 Butternut Center,Saint Cloud,Minnesota,56398,gnurseyac@un.org
MO-17500,Mary,O'Rourke,Consumer,46 Schlimgen Lane,New Orleans,Louisiana,70174,wcoxheadad@nsw.gov.au
NS-18640,Noel,Staavos,Corporate,815 Bunting Court,Boca Raton,Florida,33432,igrishaevae@yellowbook.com
DG-13300,Deirdre,Greer,Corporate,31 6th Avenue,Washington,District of Columbia,20551,ecritchleyaf@slate.com
NF-18595,Nicole,Fjeld,Home Office,8971 Burrows Court,Honolulu,Hawaii,96845,yvictoryag@altervista.org
MG-17650,Matthew,Grinstein,Home Office,607 Esker Pass,Tampa,Florida,33661,chabensah@arizona.edu
TS-21160,Theresa,Swint,Corporate,5 Old Gate Terrace,Washington,District of Columbia,20078,mmcgibbonai@guardian.co.uk
BD-11620,Brian,DeCherney,Consumer,97 Sunfield Parkway,Sacramento,California,95838,snutbeamaj@last.fm
CM-12160,Charles,McCrossin,Consumer,3493 Merchant Crossing,Washington,District of Columbia,20404,dsisseak@china.com.cn
SN-20560,Skye,Norling,Home Office,0 Main Parkway,San Diego,California,92153,pjeppensenal@homestead.com
EH-14005,Erica,Hernandez,Home Office,5805 Sundown Lane,Gaithersburg,Maryland,20883,pcootam@tmall.com
FO-14305,Frank,Olsen,Consumer,5 Amoth Alley,Oklahoma City,Oklahoma,73114,lwearnan@bloomberg.com
MS-17710,Maurice,Satty,Consumer,7858 Rusk Park,Richmond,Virginia,23208,cpatrickao@youku.com
CC-12100,Chad,Cunningham,Home Office,7618 Birchwood Lane,Roanoke,Virginia,24024,sromerilap@apache.org
DW-13540,Don,Weiss,Consumer,4 Bonner Road,New York City,New York,10004,ecameronaq@google.co.jp
BT-11395,Bill,Tyler,Corporate,876 Texas Terrace,Los Angeles,California,90065,ggirardetar@mtv.com
CY-12745,Craig,Yedwab,Corporate,9190 Swallow Lane,Fort Worth,Texas,76198,cflanniganas@illinois.edu
BT-11485,Brad,Thomas,Home Office,8476 Russell Way,Tampa,Florida,33661,blockhartat@theatlantic.com
PS-19045,Penelope,Sewall,Home Office,56359 Mallory Alley,Houston,Texas,77260,lassurau@themeforest.net
PV-18985,Paul,Van,Home Office,25423 Del Mar Crossing,Phoenix,Arizona,85040,lcappsav@netscape.com
NM-18520,Neoma,Murray,Consumer,57404 Walton Lane,Houston,Texas,77223,wigguldenaw@economist.com
DL-13495,Dionis,Lloyd,Corporate,01989 Continental Crossing,Columbus,Ohio,43210,siorilloax@arstechnica.com
CS-12355,Christine,Sundaresam,Consumer,0407 Ilene Place,Lubbock,Texas,79415,cglaisneray@theglobeandmail.com
FH-14275,Frank,Hawley,Corporate,52426 Arizona Hill,Minneapolis,Minnesota,55448,amacconnechieaz@patch.com
NC-18340,Nat,Carroll,Consumer,698 Dayton Lane,Atlanta,Georgia,31136,jinskippb0@altervista.org
AA-10315,Alex,Avila,Consumer,6 Dakota Center,Atlanta,Georgia,30392,etebbb1@flavors.me
LT-16765,Larry,Tron,Consumer,1358 Carey Park,Louisville,Kentucky,40210,aaskenb2@360.cn
AP-10720,Anne,Pryor,Home Office,59901 Colorado Pass,Baltimore,Maryland,21290,thavockb3@woothemes.com
PM-18940,Paul,MacIntyre,Consumer,5390 Mandrake Lane,Corpus Christi,Texas,78470,cwysomeb4@archive.org
AT-10435,Alyssa,Tate,Home Office,8 Eggendart Terrace,Las Vegas,Nevada,89105,eerickssenb5@pcworld.com
CA-12055,Cathy,Armstrong,Home Office,39 Barnett Circle,Richmond,Virginia,23228,mcapelenb6@jigsy.com
HR-14830,Harold,Ryan,Corporate,27232 Badeau Circle,Akron,Ohio,44310,mlomasb7@macromedia.com
BT-11530,Bradley,Talbott,Home Office,33 Katie Way,Houston,Texas,77045,sfootb8@stumbleupon.com
LH-16750,Larry,Hughes,Consumer,9432 Sachtjen Park,Sacramento,California,95894,dkillwickb9@wsj.com
SW-20755,Steven,Ward,Corporate,392 Dixon Terrace,Erie,Pennsylvania,16565,askadeba@hibu.com
SP-20620,Stefania,Perrino,Corporate,3 David Avenue,Henderson,Nevada,89074,ljaffraybb@wufoo.com
BF-11170,Ben,Ferrer,Home Office,94862 Little Fleur Pass,Atlanta,Georgia,30316,bclemencebc@dell.com
KT-16480,Kean,Thornton,Consumer,41919 Truax Terrace,Washington,District of Columbia,20244,wburgnebd@discuz.net
BG-11695,Brooke,Gillingham,Corporate,77844 Welch Terrace,Phoenix,Arizona,85020,lbeevorsbe@cocolog-nifty.com
GM-14680,Greg,Matthias,Consumer,75699 Sunfield Circle,Los Angeles,California,90087,corridgebf@independent.co.uk
EJ-14155,Eva,Jacobs,Consumer,998 Barby Junction,Detroit,Michigan,48242,lwinmillbg@reddit.com
NP-18700,Nora,Preis,Consumer,573 Paget Court,Bethlehem,Pennsylvania,18018,pmawnebh@eepurl.com
MH-18115,Mick,Hernandez,Home Office,83 Onsgard Point,Oklahoma City,Oklahoma,73173,sdrewittbi@behance.net
JR-15700,Jocasta,Rupert,Consumer,3393 Schmedeman Park,Houston,Texas,77075,cbloggettbj@scribd.com
SM-20950,Suzanne,McNair,Corporate,2206 Mcguire Terrace,San Diego,California,92186,bellwellbk@economist.com
CC-12220,Chris,Cortes,Consumer,6 Eastwood Drive,Vancouver,Washington,98687,ivobesbl@elpais.com
PF-19225,Phillip,Flathmann,Consumer,1887 Rusk Center,Houston,Texas,77090,gflaundersbm@marriott.com
DC-12850,Dan,Campbell,Consumer,7444 Hagan Alley,Colorado Springs,Colorado,80920,bshevelinbn@e-recht24.de
BD-11770,Bryan,Davis,Consumer,622 Florence Hill,Lawrenceville,Georgia,30245,wdenesbo@themeforest.net
GM-14500,Gene,McClure,Consumer,886 Lakewood Gardens Plaza,Stockton,California,95298,wizatbp@cornell.edu
TB-21355,Todd,Boyes,Corporate,33 Corben Lane,Los Angeles,California,90071,rsidebottombq@dell.com
JH-16180,Justin,Hirsh,Consumer,5 Melby Trail,Kansas City,Missouri,64149,kskippbr@phpbb.com
EB-13975,Erica,Bern,Corporate,1776 Grim Street,Las Vegas,Nevada,89150,rfencottbs@umich.edu
QJ-19255,Quincy,Jones,Corporate,7447 Debs Road,Shreveport,Louisiana,71105,sbeachambt@instagram.com
TC-21535,Tracy,Collins,Home Office,2 Melvin Plaza,Decatur,Georgia,30033,vwilcocksbu@t-online.de
CS-12460,Chuck,Sachs,Consumer,4492 Ilene Center,Elizabeth,New Jersey,7208,kcuniffebv@msn.com
HG-14965,Henry,Goldwyn,Corporate,19 Kensington Center,San Francisco,California,94142,hferobw@google.com.au
LW-16825,Laurel,Workman,Corporate,7250 Meadow Ridge Junction,Washington,District of Columbia,20238,gmclanachanbx@cisco.com
MC-17575,Matt,Collins,Consumer,1588 Superior Hill,Seattle,Washington,98104,bbartolozziby@soup.io
LP-17095,Liz,Preis,Consumer,3 Mendota Lane,Springfield,Illinois,62764,nbeveridgebz@amazon.co.jp
EB-14170,Evan,Bailliet,Consumer,408 Anderson Trail,South Bend,Indiana,46620,cdrewetc0@state.tx.us
GZ-14545,George,Zrebassa,Corporate,2336 Surrey Drive,Charlotte,North Carolina,28210,wtersayc1@reverbnation.com
CP-12085,Cathy,Prescott,Corporate,670 Commercial Street,Wichita,Kansas,67210,bwhitwamc2@t-online.de
FG-14260,Frank,Gastineau,Home Office,1 Everett Park,Atlanta,Georgia,31165,lbasnallc3@networksolutions.com
LD-17005,Lisa,DeCherney,Consumer,6579 Browning Point,Conroe,Texas,77305,dfrigoutc4@php.net
AB-10255,Alejandro,Ballentine,Home Office,2950 North Drive,Buffalo,New York,14269,bcaltonc5@npr.org
MN-17935,Michael,Nguyen,Consumer,264 Warrior Drive,Huntington,West Virginia,25709,lquinionc6@skyrock.com
JR-15670,Jim,Radford,Consumer,4 Veith Drive,Houston,Texas,77281,vwindrumc7@thetimes.co.uk
JF-15190,Jamie,Frazer,Consumer,938 Lunder Plaza,Wilmington,North Carolina,28405,fkemblec8@last.fm
CM-12115,Chad,McGuire,Consumer,6468 Carpenter Junction,Nashville,Tennessee,37228,bgosnoldc9@ox.ac.uk
AS-10045,Aaron,Smayling,Corporate,08 3rd Place,El Paso,Texas,88535,dteasdalemarkieca@alibaba.com
BP-11290,Beth,Paige,Consumer,0 Luster Point,Brockton,Massachusetts,2405,ocabancb@newsvine.com
ND-18370,Natalie,DeCherney,Consumer,2 Twin Pines Crossing,Philadelphia,Pennsylvania,19184,dfaveryearcc@yahoo.co.jp
LB-16735,Larry,Blacks,Consumer,1591 Dapin Point,New Orleans,Louisiana,70174,nlambertazzicd@mapquest.com
KT-16465,Kean,Takahito,Consumer,61 Vermont Road,Evansville,Indiana,47747,nchumleyce@linkedin.com
HM-14860,Harry,Marie,Corporate,6 Caliangt Drive,Houston,Texas,77293,azorenercf@bloomberg.com
AB-10600,Ann,Blume,Corporate,46820 Corscot Hill,Raleigh,North Carolina,27635,hromagnosicg@wix.com
SZ-20035,Sam,Zeldin,Home Office,672 American Ash Avenue,Duluth,Minnesota,55811,alintallch@mashable.com
MG-17890,Michael,Granlund,Home Office,333 Ridgeview Circle,Toledo,Ohio,43666,pmeasorci@hugedomains.com
JK-16120,Julie,Kriz,Home Office,73 Red Cloud Junction,Montgomery,Alabama,36119,taverillcj@dedecms.com
PP-18955,Paul,Prost,Home Office,62 Gerald Street,Jamaica,New York,11431,wsaggck@washington.edu
YS-21880,Yana,Sorensen,Corporate,94 Barnett Junction,Plano,Texas,75074,mspightcl@wunderground.com
KM-16375,Katherine,Murray,Home Office,0636 Moulton Place,Salt Lake City,Utah,84145,pmaddockscm@purevolume.com
AB-10105,Adrian,Barton,Consumer,24 Harbort Avenue,Philadelphia,Pennsylvania,19125,egiffcn@tmall.com
HA-14905,Helen,Abelman,Consumer,6 Sundown Center,Montpelier,Vermont,5609,hjarredco@wikispaces.com
BT-11305,Beth,Thompson,Home Office,29 Namekagon Parkway,Juneau,Alaska,99812,khouseleycp@springer.com
SV-20815,Stuart,Van,Corporate,5 Ramsey Parkway,Fargo,North Dakota,58106,cgookcq@addthis.com
RW-19540,Rick,Wilson,Corporate,27 Coleman Junction,Fresno,California,93709,lamorcr@creativecommons.org
DK-12835,Damala,Kotsonis,Corporate,55816 Garrison Drive,Cleveland,Ohio,44185,mcroptoncs@shinystat.com
ST-20530,Shui,Tom,Consumer,04328 Northport Center,Daytona Beach,Florida,32123,hpaszekct@webeden.co.uk
MM-17920,Michael,Moore,Consumer,656 Ryan Center,Marietta,Georgia,30061,bluckeycu@economist.com
PW-19030,Pauline,Webber,Corporate,65494 Sunbrook Lane,Hartford,Connecticut,6120,jjohanningcv@comcast.net
SC-20440,Shaun,Chance,Corporate,5030 Doe Crossing Avenue,Corpus Christi,Texas,78470,hmattusevichcw@china.com.cn
TS-21085,Thais,Sissman,Consumer,92 Morrow Center,Fort Myers,Florida,33906,brobeirocx@tinyurl.com
MC-17425,Mark,Cousins,Corporate,67797 Little Fleur Parkway,Orange,California,92867,mflipekcy@indiatimes.com
ME-17320,Maria,Etezadi,Home Office,7 Toban Street,Albuquerque,New Mexico,87105,gfairlawcz@merriam-webster.com
NH-18610,Nicole,Hansen,Corporate,14741 Fair Oaks Junction,Las Vegas,Nevada,89125,klefeverd0@hexun.com
MB-18085,Mick,Brown,Consumer,11496 Acker Plaza,Indianapolis,Indiana,46221,mhollowd1@scientificamerican.com
KD-16495,Keith,Dawkins,Corporate,3168 Menomonie Avenue,Tulsa,Oklahoma,74141,saronsohnd2@wix.com
KN-16390,Katherine,Nockton,Corporate,96 Springs Circle,Miami,Florida,33147,vspenced3@furl.net
NP-18685,Nora,Pelletier,Home Office,27 Lindbergh Circle,Toledo,Ohio,43615,pburlessd4@slate.com
CS-12505,Cindy,Stewart,Consumer,06739 Nevada Plaza,Hicksville,New York,11854,gjendrichd5@google.pl
MS-17770,Maxwell,Schwartz,Consumer,4472 Blackbird Plaza,Bethlehem,Pennsylvania,18018,hcantord6@cocolog-nifty.com
CM-12655,Corinna,Mitchell,Home Office,0764 Northfield Circle,Milwaukee,Wisconsin,53210,tbottomleyd7@miitbeian.gov.cn
Co-12640,Corey-Lock,,Consumer,893 Monument Crossing,Bakersfield,California,93305,ssiddelld8@cmu.edu
TS-21370,Todd,Sumrall,Corporate,27 Emmet Lane,Amarillo,Texas,79171,brochelld9@sphinn.com
JW-15220,Jane,Waco,Corporate,0395 Milwaukee Lane,Houston,Texas,77234,sgrimsdykeda@mac.com
JD-15790,John,Dryer,Consumer,436 Logan Lane,Las Vegas,Nevada,89115,ahailwooddb@hhs.gov
PC-19000,Pauline,Chand,Home Office,64869 Daystar Circle,Kalamazoo,Michigan,49048,fchichgardc@cdc.gov
AR-10540,Andy,Reiter,Consumer,51568 Sullivan Park,Hartford,Connecticut,6152,eosandd@howstuffworks.com
AI-10855,Arianne,Irving,Consumer,15761 Thompson Center,Fort Lauderdale,Florida,33315,creadwingde@amazon.de
TB-21400,Tom,Boeckenhauer,Consumer,49742 Fordem Street,Reno,Nevada,89519,ahughlindf@slate.com
PL-18925,Paul,Lucas,Home Office,2 Monica Terrace,Santa Barbara,California,93111,abrydendg@sina.com.cn
GH-14425,Gary,Hwang,Consumer,67961 Nova Center,New York City,New York,10160,lcawdelldh@webnode.com
MP-18175,Mike,Pelletier,Home Office,200 Orin Drive,Spring,Texas,77388,cscholeydi@ustream.tv
JM-15655,Jim,Mitchum,Corporate,434 Saint Paul Plaza,Salinas,California,93907,egegaydj@shop-pro.jp
CL-11890,Carl,Ludwig,Consumer,424 Surrey Drive,Stockton,California,95205,pkileydk@apple.com
DB-13270,Deborah,Brumfield,Home Office,37 Kings Plaza,Brooklyn,New York,11231,bchealdl@ftc.gov
IG-15085,Ivan,Gibson,Consumer,37 Anzinger Circle,Cincinnati,Ohio,45218,bgarrdm@arstechnica.com
BO-11425,Bobby,Odegard,Consumer,257 Little Fleur Avenue,Springfield,Missouri,65898,ddickendn@irs.gov
AB-10150,Aimee,Bixby,Consumer,3 Pankratz Point,Mobile,Alabama,36605,scorradinido@bloglovin.com
JW-16075,Julia,West,Consumer,842 Cordelia Parkway,Meridian,Mississippi,39305,cubanksdp@amazonaws.com
EB-13750,Edward,Becker,Corporate,37 Elmside Court,Madison,Wisconsin,53710,ddoucedq@sfgate.com
SG-20470,Sheri,Gordon,Consumer,2 Bluestem Place,Omaha,Nebraska,68117,ojendruschdr@mashable.com
CM-12190,Charlotte,Melton,Consumer,0069 Division Alley,Saint Joseph,Missouri,64504,ejacobsonds@answers.com
AW-10840,Anthony,Witt,Consumer,689 Linden Circle,Los Angeles,California,90010,pbowllerdt@spotify.com
MC-18100,Mick,Crebagga,Consumer,0133 Dapin Terrace,Memphis,Tennessee,38131,wreithdu@businessinsider.com
TT-21460,Tonja,Turnell,Home Office,9552 Transport Alley,Columbus,Georgia,31998,boregandv@blinklist.com
VG-21805,Vivek,Grady,Corporate,22 Oak Circle,Charlotte,North Carolina,28299,ilorenzindw@sohu.com
MY-18295,Muhammed,Yedwab,Corporate,889 Morning Park,San Francisco,California,94132,acolicotdx@wix.com
RD-19480,Rick,Duston,Consumer,6687 Melvin Court,Columbus,Georgia,31904,afarrondy@icq.com
DP-13390,Dennis,Pardue,Home Office,00160 Novick Alley,Kansas City,Missouri,64160,lbartensdz@nationalgeographic.com
ML-17395,Marina,Lichtenstein,Corporate,69 Rowland Plaza,Riverside,California,92519,apincke0@go.com
JC-15385,Jenna,Caffey,Consumer,45 Roth Street,Topeka,Kansas,66611,ivisicke1@barnesandnoble.com
JG-15160,James,Galang,Consumer,3104 Ramsey Hill,Philadelphia,Pennsylvania,19160,ppendergaste2@free.fr
MC-17275,Marc,Crier,Consumer,603 Kropf Place,Manchester,New Hampshire,3105,uvermae3@arizona.edu
NW-18400,Natalie,Webber,Consumer,8740 American Park,Minneapolis,Minnesota,55441,bdenajerae4@globo.com
TB-21280,Toby,Braunhardt,Consumer,71251 1st Drive,Minneapolis,Minnesota,55448,ddythame5@uiuc.edu
BS-11380,Bill,Stewart,Corporate,55 Swallow Crossing,Levittown,Pennsylvania,19058,bbeavere6@twitter.com
HH-15010,Hilary,Holden,Corporate,4702 Dwight Trail,Galveston,Texas,77554,mcellie7@over-blog.com
CD-12280,Christina,DeMoss,Consumer,71978 Jana Trail,Des Moines,Iowa,50330,sgeraldeze8@icio.us
TH-21100,Thea,Hendricks,Consumer,52116 Sycamore Parkway,Kalamazoo,Michigan,49006,cpeetee9@example.com
MM-18055,Michelle,Moray,Consumer,2341 West Avenue,Honolulu,Hawaii,96805,tvarnesea@nbcnews.com
NS-18505,Neola,Schneider,Consumer,39 Gale Pass,Springfield,Illinois,62756,divantyeveb@friendfeed.com
RB-19645,Robert,Barroso,Corporate,87 Crest Line Road,Salt Lake City,Utah,84199,adowneyec@jimdo.com
SW-20455,Shaun,Weien,Consumer,316 Oxford Court,Dallas,Texas,75216,pcoulthursted@yahoo.co.jp
EB-13930,Eric,Barreto,Consumer,5 Debs Plaza,Hampton,Virginia,23668,hshenleyee@addtoany.com
PS-18760,Pamela,Stobb,Consumer,98158 Green Terrace,Seminole,Florida,34642,melpheeef@sina.com.cn
HF-14995,Herbert,Flentye,Consumer,84207 Mallard Road,Bridgeport,Connecticut,6606,cyellowleyeg@flavors.me
HZ-14950,Henia,Zydlo,Consumer,42550 Tennessee Drive,Lafayette,Indiana,47905,fsuggeyeh@dyndns.org
CD-12790,Cynthia,Delaney,Home Office,52387 Bonner Terrace,Dallas,Texas,75310,ebaudicei@pagesperso-orange.fr
JK-15205,Jamie,Kunitz,Consumer,554 Annamark Place,Austin,Texas,78715,plimpertzej@zdnet.com
FM-14215,Filia,McAdams,Corporate,178 Kim Trail,Akron,Ohio,44310,dveldeek@rambler.ru
ED-13885,Emily,Ducich,Home Office,92 Scoville Parkway,Midland,Texas,79705,gtraceel@godaddy.com
DA-13450,Dianna,Arnett,Home Office,9218 Nevada Park,Long Beach,California,90831,dtreacherem@mtv.com
JW-15955,Joni,Wasserman,Consumer,3 Sunnyside Parkway,Buffalo,New York,14269,bpetrassoen@unc.edu
RM-19375,Raymond,Messe,Consumer,8520 Stoughton Pass,Seattle,Washington,98148,cgockeeo@dedecms.com
ML-17755,Max,Ludwig,Home Office,00 Springs Park,Phoenix,Arizona,85099,cwarrickerep@fastcompany.com
CC-12685,Craig,Carroll,Consumer,702 Warrior Court,Nashville,Tennessee,37228,dbazleyeq@opera.com
JE-15610,Jim,Epp,Corporate,96314 Esker Terrace,Hartford,Connecticut,6140,kmammatter@livejournal.com
RP-19855,Roy,Phan,Corporate,43 Debs Alley,Youngstown,Ohio,44555,hlatheees@msn.com
TB-21175,Thomas,Boland,Corporate,334 Tennessee Park,Washington,District of Columbia,20337,rkorlatet@loc.gov
BE-11455,Brad,Eason,Home Office,1065 Sunnyside Circle,Richmond,Virginia,23289,igurryeu@cdbaby.com
JF-15565,Jill,Fjeld,Consumer,10178 Clemons Trail,Springfield,Ohio,45505,ggandarev@ow.ly
PB-19210,Phillip,Breyer,Corporate,03457 Jay Center,Shreveport,Louisiana,71137,mduranteew@admin.ch
BT-11680,Brian,Thompson,Consumer,2 Paget Court,Louisville,Kentucky,40225,sdellowex@npr.org
JL-15235,Janet,Lee,Consumer,9 Onsgard Pass,Jackson,Mississippi,39204,bcouvertey@smh.com.au
CH-12070,Cathy,Hwang,Home Office,2737 Iowa Avenue,Midland,Texas,79705,salbersez@businessinsider.com
ND-18460,Neil,Ducich,Corporate,6845 Washington Parkway,Fresno,California,93704,pmccloudf0@macromedia.com
BF-10975,Barbara,Fisher,Corporate,1 Susan Street,Bradenton,Florida,34205,rtapleyf1@wsj.com
KH-16330,Katharine,Harms,Corporate,1 Tomscot Alley,Montgomery,Alabama,36109,hpowtonf2@w3.org
GW-14605,Giulietta,Weimer,Consumer,49 Mockingbird Junction,Baltimore,Maryland,21239,malfonsinif3@51.la
NC-18625,Noah,Childs,Corporate,5 Scofield Alley,Clearwater,Florida,33763,nphillpotf4@dot.gov
ME-18010,Michelle,Ellison,Corporate,60 Schmedeman Place,Lafayette,Louisiana,70505,dmishf5@deliciousdays.com
BP-11230,Benjamin,Patterson,Consumer,6 Mayfield Plaza,Lexington,Kentucky,40510,mlaniganf6@spotify.com
JC-15775,John,Castell,Consumer,7 Forest Run Drive,New York City,New York,10280,kskowcraftf7@youtu.be
AS-10090,Adam,Shillingsburg,Consumer,1118 Pankratz Alley,Houston,Texas,77035,asamwaysf8@desdev.cn
AC-10450,Amy,Cox,Consumer,054 Merrick Trail,Escondido,California,92030,vsweynsonf9@accuweather.com
MD-17860,Michael,Dominguez,Corporate,0 Glendale Park,Miami,Florida,33175,crothwellfa@reverbnation.com
DB-13660,Duane,Benoit,Consumer,1978 Bluestem Crossing,Newark,New Jersey,7195,obriersfb@webeden.co.uk
EH-13990,Erica,Hackney,Consumer,9788 Buell Park,Washington,District of Columbia,20442,fhowgatefc@ovh.net
EH-13765,Edward,Hooks,Corporate,57622 Jana Center,Silver Spring,Maryland,20910,elowlessfd@de.vu
SC-20230,Scot,Coram,Corporate,169 Swallow Park,Columbus,Ohio,43204,afowleyfe@bizjournals.com
JE-15715,Joe,Elijah,Consumer,08143 Haas Hill,Chicago,Illinois,60663,ldawidowitzff@de.vu
AC-10615,Ann,Chong,Corporate,7 Sommers Center,Indianapolis,Indiana,46231,acheleyfg@biblegateway.com
JD-16015,Joy,Daniels,Consumer,460 Arkansas Trail,Miami,Florida,33175,glowthorpefh@mit.edu
CB-12415,Christy,Brittain,Consumer,72 Larry Place,Richmond,Virginia,23272,gmcgruarfi@pinterest.com
JS-16030,Joy,Smith,Consumer,894 Sherman Plaza,Midland,Michigan,48670,adufourfj@bing.com
LW-17215,Luke,Weiss,Consumer,747 Corscot Court,Chicago,Illinois,60624,rcongrevefk@huffingtonpost.com
SC-20800,Stuart,Calhoun,Consumer,2476 Meadow Valley Terrace,Stamford,Connecticut,6922,orojafl@clickbank.net
AM-10705,Anne,McFarland,Consumer,21 Riverside Center,Sioux Falls,South Dakota,57193,jomullanfm@webnode.com
RH-19510,Rick,Huthwaite,Home Office,1658 Welch Trail,Knoxville,Tennessee,37919,jurlichfn@hud.gov
CT-11995,Carol,Triggs,Consumer,60 Esker Court,Lincoln,Nebraska,68510,rmarrinerfo@tiny.cc
MC-17590,Matt,Collister,Corporate,5282 Michigan Point,Huntington,West Virginia,25711,strolleyfp@independent.co.uk
CC-12610,Corey,Catlett,Corporate,73844 Park Meadow Crossing,Chicago,Illinois,60697,edouglassfq@accuweather.com
KA-16525,Kelly,Andreada,Consumer,24857 Ohio Hill,Little Rock,Arkansas,72231,blawtherfr@163.com
TC-20980,Tamara,Chand,Corporate,42563 Troy Junction,New York City,New York,10292,acircuitfs@linkedin.com
BF-11080,Bart,Folk,Consumer,3146 Burning Wood Trail,Saint Louis,Missouri,63158,cgladbeckft@cmu.edu
MM-17260,Magdelene,Morse,Consumer,194 Vernon Street,Denton,Texas,76205,arapefu@boston.com
AH-10120,Adrian,Hane,Home Office,7 Nelson Circle,Columbia,South Carolina,29225,ntestinfv@creativecommons.org
BW-11200,Ben,Wallace,Consumer,6419 Caliangt Trail,Bakersfield,California,93381,hmontelfw@ehow.com
SW-20245,Scot,Wooten,Consumer,2 Sutteridge Lane,San Antonio,Texas,78285,ihabbertfx@miitbeian.gov.cn
BS-11665,Brian,Stugart,Consumer,1635 Forster Place,Nashville,Tennessee,37210,awisedalefy@tinyurl.com
RF-19345,Randy,Ferguson,Corporate,46678 Mitchell Crossing,Springfield,Illinois,62764,asheirlawfz@trellian.com
WB-21850,William,Brown,Consumer,5 Anhalt Court,Lees Summit,Missouri,64082,vdrewettg0@bbb.org
TB-21625,Trudy,Brown,Consumer,1428 Bultman Pass,Memphis,Tennessee,38181,nornizg1@mayoclinic.com
AF-10870,Art,Ferguson,Consumer,074 Drewry Place,Fort Worth,Texas,76115,blarkbyg2@sciencedirect.com
RB-19435,Richard,Bierner,Consumer,98479 Kennedy Crossing,Gainesville,Florida,32605,kfaichneyg3@accuweather.com
KF-16285,Karen,Ferguson,Home Office,81790 Meadow Vale Drive,Lees Summit,Missouri,64082,tkastingg4@uol.com.br
JH-15820,John,Huston,Consumer,90 Bultman Street,Saint Paul,Minnesota,55123,lkeoghaneg5@usda.gov
IL-15100,Ivan,Liston,Consumer,70308 Clarendon Trail,El Paso,Texas,88519,qpaydong6@intel.com
PB-18805,Patrick,Bzostek,Home Office,362 Cody Road,Boston,Massachusetts,2203,nmcclochg7@globo.com
RH-19600,Rob,Haberlin,Consumer,58979 Bowman Crossing,Charleston,South Carolina,29403,dbuttleg8@wsj.com
AW-10930,Arthur,Wiediger,Home Office,5965 Dennis Avenue,Colorado Springs,Colorado,80915,jpietronig9@usatoday.com
ML-17410,Maris,LaWare,Consumer,7 Melody Junction,Springfield,Illinois,62723,obalnavesga@networksolutions.com
DB-13555,Dorothy,Badders,Corporate,6 Canary Place,Tucson,Arizona,85720,rgeipelgb@bloomberg.com
MH-17620,Matt,Hagelstein,Corporate,87840 Brickson Park Alley,North Hollywood,California,91616,ebarbischgc@imdb.com
DK-13375,Dennis,Kane,Consumer,729 Hoffman Crossing,Pensacola,Florida,32520,wadessgd@reverbnation.com
BT-11440,Bobby,Trafton,Consumer,7 Annamark Hill,Saint Paul,Minnesota,55166,tjodlowskige@biglobe.ne.jp
DB-13405,Denny,Blanton,Consumer,67 Orin Trail,Carson City,Nevada,89714,cscneidergf@istockphoto.com
TG-21310,Toby,Gnade,Consumer,973 Oriole Drive,Fort Wayne,Indiana,46814,msaiensgg@merriam-webster.com
BF-11005,Barry,Franz,Home Office,7 Raven Center,New Orleans,Louisiana,70149,rcasellagh@vk.com
JM-16195,Justin,MacKendrick,Consumer,7 Thompson Point,Port Charlotte,Florida,33954,uodornangi@telegraph.co.uk
MZ-17335,Maria,Zettner,Home Office,4 Welch Drive,Alhambra,California,91841,lbignellgj@booking.com
MW-18220,Mitch,Webber,Consumer,7966 Tomscot Street,Jacksonville,Florida,32220,tmathegk@howstuffworks.com
MV-17485,Mark,Van,Consumer,47629 Fulton Terrace,Baton Rouge,Louisiana,70894,eroftgl@time.com
SM-20320,Sean,Miller,Home Office,97 Pepper Wood Center,Sacramento,California,94280,amccallistergm@lycos.com
TP-21415,Tom,Prescott,Consumer,00661 Katie Park,Toledo,Ohio,43656,fbridgettgn@nasa.gov
JK-15625,Jim,Karlsson,Consumer,794 Leroy Circle,Hartford,Connecticut,6160,jsollettgo@wikipedia.org
PJ-18835,Patrick,Jones,Corporate,908 Ludington Trail,Iowa City,Iowa,52245,rcallowaygp@toplist.cz
RS-19420,Ricardo,Sperren,Corporate,1 Pine View Avenue,Norcross,Georgia,30092,fdemaregq@redcross.org
SV-20935,Susan,Vittorini,Consumer,60 Utah Crossing,Detroit,Michigan,48232,cmcbreartygr@webs.com
BC-11125,Becky,Castell,Home Office,810 Hovde Court,Sacramento,California,95894,emalzardgs@canalblog.com
EM-13825,Elizabeth,Moffitt,Corporate,25 Sage Avenue,Miami,Florida,33261,jdenisyukgt@icio.us
BM-11575,Brendan,Murry,Corporate,53187 Bartelt Avenue,Young America,Minnesota,55557,dduffetgu@ihg.com
KN-16705,Kristina,Nunn,Home Office,56453 Anzinger Way,San Diego,California,92132,mhollowsgv@goo.gl
KW-16570,Kelly,Williams,Consumer,49 Homewood Terrace,Columbia,South Carolina,29215,gdabesgw@edublogs.org
SC-20260,Scott,Cohen,Corporate,4 Grover Lane,Sacramento,California,95818,mgilardigx@squarespace.com
CV-12295,Christina,VanderZanden,Consumer,55 Union Terrace,Henderson,Nevada,89074,vjearygy@fema.gov
SG-20605,Speros,Goranitis,Consumer,9 Jana Alley,Los Angeles,California,90076,cbrosiusgz@mysql.com
TM-21010,Tamara,Manning,Consumer,3802 Cardinal Lane,Los Angeles,California,90010,dlingnerh0@ted.com
EM-13810,Eleni,McCrary,Corporate,46267 Dwight Drive,Tampa,Florida,33661,olevereth1@mac.com
ML-18040,Michelle,Lonsdale,Corporate,97 Welch Pass,Northridge,California,91328,eridwoodh2@unc.edu
CR-12580,Clay,Rozendal,Home Office,0 Ramsey Junction,Marietta,Georgia,30066,dvorleyh3@cam.ac.uk
AZ-10750,Annie,Zypern,Consumer,65 Oakridge Alley,Buffalo,New York,14233,gstallenh4@mashable.com
PW-19240,Pierre,Wener,Consumer,2 Calypso Point,Louisville,Kentucky,40225,esurmanwellsh5@storify.com
SC-20380,Shahid,Collister,Consumer,672 Main Crossing,Boulder,Colorado,80310,apetrollih6@dot.gov
CM-11935,Carlos,Meador,Consumer,08509 Luster Alley,Cleveland,Ohio,44191,wbhatiah7@liveinternet.ru
GM-14695,Greg,Maxwell,Corporate,78264 Morningstar Pass,Jefferson City,Missouri,65105,kibotsonh8@nps.gov
TB-21250,Tim,Brockman,Consumer,8656 Garrison Park,Vero Beach,Florida,32964,aluciush9@purevolume.com
JM-15865,John,Murray,Consumer,20562 Debra Pass,El Paso,Texas,88558,xdupreeha@huffingtonpost.com
SC-20575,Sonia,Cooley,Consumer,34345 Portage Center,Cincinnati,Ohio,45243,omawnehb@dagondesign.com
LS-17200,Luke,Schmidt,Corporate,838 Dottie Court,Chicago,Illinois,60624,fyounglovehc@ca.gov
RR-19315,Ralph,Ritter,Consumer,773 Dapin Hill,Topeka,Kansas,66699,smurbyhd@lycos.com
DB-12910,Daniel,Byrd,Home Office,19111 Merrick Drive,Springfield,Illinois,62776,cplakhe@house.gov
TT-21220,Thomas,Thornton,Consumer,053 Dawn Court,Anchorage,Alaska,99517,mtaphousehf@tamu.edu
LO-17170,Lori,Olson,Corporate,3 Golf Course Point,Flushing,New York,11388,pantonellihg@washington.edu
KD-16615,Ken,Dana,Corporate,8138 Grasskamp Road,Allentown,Pennsylvania,18105,ydoerfferhh@hc360.com
NB-18580,Nicole,Brennan,Corporate,8 Spenser Avenue,Roanoke,Virginia,24020,cbastinhi@amazon.de
BD-11635,Brian,Derr,Consumer,410 Huxley Point,Littleton,Colorado,80127,rcapitanohj@tripod.com
CM-12235,Chris,McAfee,Consumer,1563 Buell Point,Birmingham,Alabama,35215,mmatuszkiewiczhk@wisc.edu
EN-13780,Edward,Nazzal,Consumer,7461 Hovde Junction,Pittsburgh,Pennsylvania,15205,zlesieurhl@tripadvisor.com
KN-16450,Kean,Nguyen,Corporate,7 Clove Parkway,Moreno Valley,California,92555,tgrealyhm@fda.gov
BO-11350,Bill,Overfelt,Corporate,6 Pepper Wood Pass,Fairfax,Virginia,22036,mlincolnhn@washington.edu
AG-10300,Aleksandra,Gannaway,Corporate,45031 Stuart Hill,Charleston,West Virginia,25305,jguerreauho@vimeo.com
MC-17635,Matthew,Clasen,Corporate,909 Karstens Court,San Antonio,Texas,78210,fmaccorleyhp@dot.gov
TA-21385,Tom,Ashbrook,Home Office,61 Carberry Park,Bethlehem,Pennsylvania,18018,dbuchehq@timesonline.co.uk
JF-15295,Jason,Fortune-,Consumer,6062 Kings Avenue,Memphis,Tennessee,38114,croullierhr@multiply.com
TT-21265,Tim,Taslimi,Corporate,9183 Golden Leaf Hill,Gadsden,Alabama,35905,tgreenroddhs@com.com
SB-20170,Sarah,Bern,Consumer,765 American Ash Street,Roanoke,Virginia,24009,tlummasanaht@purevolume.com
CL-12700,Craig,Leslie,Home Office,6885 Namekagon Terrace,Austin,Texas,78715,mmcleanhu@symantec.com
HG-15025,Hunter,Glantz,Consumer,4 Donald Circle,Dallas,Texas,75231,cmummeryhv@nytimes.com
NL-18310,Nancy,Lomonaco,Home Office,545 Blackbird Crossing,New Orleans,Louisiana,70116,aharrowhw@weebly.com
RR-19525,Rick,Reed,Corporate,8 Fallview Crossing,Albuquerque,New Mexico,87195,lkixhx@nature.com
TC-21295,Toby,Carlisle,Consumer,5 Reinke Pass,Largo,Florida,34643,ddarceyhy@smh.com.au
SV-20785,Stewart,Visinsky,Consumer,2107 Iowa Lane,Peoria,Illinois,61629,rmcclounanhz@exblog.jp
BE-11410,Bobby,Elias,Consumer,58872 Graceland Alley,Laurel,Maryland,20709,skocheri0@123-reg.co.uk
SC-20680,Steve,Carroll,Home Office,04256 Fieldstone Road,Columbia,South Carolina,29225,hbirwhistlei1@shinystat.com
DF-13135,David,Flashing,Consumer,6 Jenifer Place,Spartanburg,South Carolina,29305,mesbergeri2@house.gov
FH-14350,Fred,Harton,Consumer,67859 Burning Wood Place,Washington,District of Columbia,20036,lduplani3@meetup.com
MS-17530,MaryBeth,Skach,Consumer,33 Declaration Point,Toledo,Ohio,43699,nbradbrooki4@desdev.cn
RH-19555,Ritsa,Hightower,Consumer,01935 Glendale Circle,Newark,New Jersey,7188,steasi5@usnews.com
GA-14515,George,Ashbrook,Consumer,844 Vera Alley,Austin,Texas,78732,aliesi6@jalbum.net
JP-16135,Julie,Prescott,Home Office,2 Vidon Court,Louisville,Kentucky,40205,amoldi7@is.gd
Dp-13240,Dean,percer,Home Office,31064 Saint Paul Plaza,Garden Grove,California,92844,afranzmani8@opensource.org
MO-17950,Michael,Oakman,Consumer,062 Springview Alley,Cincinnati,Ohio,45243,wgottelieri9@oaic.gov.au
DL-13330,Denise,Leinenbach,Consumer,5 Myrtle Place,Montgomery,Alabama,36114,cprewettia@bbb.org
MH-18025,Michelle,Huthwaite,Consumer,2 Drewry Trail,Anniston,Alabama,36205,dczajkowskaib@1und1.de
DR-12940,Daniel,Raglin,Home Office,166 Burning Wood Point,Long Beach,California,90810,gdonahueic@ihg.com
DM-13015,Darrin,Martin,Consumer,8027 Heffernan Lane,Des Moines,Iowa,50330,hdillewayid@go.com
CA-11965,Carol,Adams,Corporate,25275 Mitchell Point,Clearwater,Florida,34615,ldaddie@ehow.com
AC-10660,Anna,Chung,Consumer,145 Fulton Junction,Milwaukee,Wisconsin,53215,tfayermanif@nih.gov
DM-13345,Denise,Monton,Corporate,0642 Jay Hill,Boulder,Colorado,80328,cattackig@discovery.com
VF-21715,Vicky,Freymann,Home Office,729 Kedzie Pass,Wichita,Kansas,67210,medgingtonih@dell.com
CC-12370,Christopher,Conant,Consumer,78308 Blaine Court,Aurora,Colorado,80015,cendersii@tamu.edu
BF-11275,Beth,Fritzler,Corporate,35 Calypso Drive,Mesa,Arizona,85215,mvondruskaij@microsoft.com
HG-14845,Harry,Greene,Consumer,48 Spohn Alley,Orlando,Florida,32868,idiblingik@rakuten.co.jp
BP-11155,Becky,Pak,Consumer,7 Memorial Lane,New Castle,Pennsylvania,16107,hlomasnail@discovery.com
EM-14140,Eugene,Moren,Home Office,5641 Northland Road,Albuquerque,New Mexico,87140,ddovingtonim@woothemes.com
MA-17995,Michelle,Arnett,Home Office,8 Maple Wood Court,Daytona Beach,Florida,32118,kpeachin@surveymonkey.com
AY-10555,Andy,Yotov,Corporate,3023 Anthes Drive,Los Angeles,California,90189,adudleyio@clickbank.net
GB-14575,Giulietta,Baptist,Consumer,62472 Waywood Junction,Suffolk,Virginia,23436,kdimmickip@csmonitor.com
JB-16045,Julia,Barnett,Home Office,0 Melvin Point,Kalamazoo,Michigan,49006,mridingiq@webnode.com
MG-17875,Michael,Grace,Home Office,28572 Montana Terrace,Lawrenceville,Georgia,30045,tmusselwhiteir@tripadvisor.com
SR-20425,Sharelle,Roach,Home Office,884 Division Avenue,Washington,District of Columbia,20078,mattrillis@feedburner.com
JB-16000,Joy,Bell-,Consumer,757 Gale Terrace,Minneapolis,Minnesota,55480,jlangmuirit@google.de
DM-12955,Dario,Medina,Corporate,03 Kenwood Terrace,New York City,New York,10009,rcoulmaniu@utexas.edu
TC-21475,Tony,Chapman,Home Office,59434 Old Gate Lane,Des Moines,Iowa,50369,mbastianiv@github.io
SW-20350,Sean,Wendt,Home Office,84984 Transport Road,Evansville,Indiana,47732,cjakoubekiw@usnews.com
RE-19450,Richard,Eichhorn,Consumer,4 Rowland Junction,Charlotte,North Carolina,28272,ebazyletsix@cpanel.net
BF-11215,Benjamin,Farhat,Home Office,9115 Basil Court,Topeka,Kansas,66642,olyttleiy@stanford.edu
KB-16405,Katrina,Bavinger,Home Office,1 Bluejay Avenue,New Orleans,Louisiana,70160,tjergiz@columbia.edu
JG-15310,Jason,Gross,Corporate,09 Oakridge Court,Philadelphia,Pennsylvania,19146,lmatussovj0@sphinn.com
EC-14050,Erin,Creighton,Consumer,17636 Troy Terrace,Austin,Texas,78789,sbachuraj1@comsenz.com
EB-14110,Eugene,Barchas,Consumer,632 Waywood Plaza,Indianapolis,Indiana,46216,npressliej2@prweb.com
JP-15460,Jennifer,Patt,Corporate,07 Corry Hill,Duluth,Minnesota,55805,kgylesj3@xing.com
CS-11845,Cari,Sayre,Corporate,39591 Prentice Park,Newton,Massachusetts,2162,dmynettj4@gravatar.com
GH-14410,Gary,Hansen,Home Office,2273 Dennis Circle,Saint Petersburg,Florida,33742,bmonroej5@auda.org.au
PT-19090,Pete,Takahito,Consumer,1 Surrey Way,Pasadena,California,91117,blanferj6@mtv.com
JL-15130,Jack,Lebron,Consumer,05375 Johnson Lane,Bethlehem,Pennsylvania,18018,rdytonj7@cnbc.com
AH-10030,Aaron,Hawkins,Corporate,3488 Veith Lane,Santa Clara,California,95054,gallertonj8@sbwire.com
CC-12475,Cindy,Chapman,Consumer,50 Dunning Plaza,Dallas,Texas,75260,ckirknessj9@upenn.edu
DW-13195,David,Wiener,Corporate,32 Butterfield Drive,Atlanta,Georgia,30328,ltaylersonja@mayoclinic.com
SJ-20215,Sarah,Jordon,Consumer,16 Gulseth Point,Washington,District of Columbia,20508,dpauerjb@mysql.com
BG-11740,Bruce,Geld,Consumer,7155 Fordem Pass,Springfield,Missouri,65805,bpaladinojc@sfgate.com
LB-16795,Laurel,Beltran,Home Office,58026 Jana Parkway,Chicago,Illinois,60609,dferreresjd@nbcnews.com
CM-11815,Candace,McMahon,Corporate,05 Bultman Center,Phoenix,Arizona,85035,vbevisje@slideshare.net
EH-14185,Evan,Henry,Consumer,594 Straubel Park,Houston,Texas,77020,nseinjf@icio.us
TS-21505,Tony,Sayre,Consumer,82 Crowley Drive,Migrate,Kentucky,41905,kgowrichjg@census.gov
PR-18880,Patrick,Ryan,Consumer,602 Pankratz Hill,Richmond,Virginia,23289,jvaterjh@t.co
LC-17050,Liz,Carlisle,Consumer,9 Esch Junction,Baltimore,Maryland,21211,bearwakerji@biglobe.ne.jp
CS-12490,Cindy,Schnelling,Corporate,0 Annamark Plaza,El Paso,Texas,79999,sadiejj@theguardian.com
DH-13075,Dave,Hallsten,Corporate,94075 Glacier Hill Trail,Philadelphia,Pennsylvania,19160,kgaytherjk@upenn.edu
JO-15145,Jack,O'Briant,Corporate,3 Veith Place,Seattle,Washington,98127,sjordanjl@berkeley.edu
AH-10690,Anna,Häberlin,Corporate,4202 Drewry Trail,El Paso,Texas,88563,averyanjm@home.pl
HJ-14875,Heather,Jas,Home Office,41 Artisan Parkway,Miami,Florida,33153,kdavidowskyjn@npr.org
MH-17455,Mark,Hamilton,Consumer,2 Russell Road,Philadelphia,Pennsylvania,19191,gbussenjo@upenn.edu
RD-19930,Russell,D'Ascenzo,Consumer,5 Harbort Junction,Paterson,New Jersey,7544,glapidusjp@linkedin.com
SC-20020,Sam,Craven,Consumer,74540 Doe Crossing Avenue,Greensboro,North Carolina,27415,keckersalljq@facebook.com
SU-20665,Stephanie,Ulpright,Home Office,2899 Schiller Center,Springfield,Missouri,65898,tpeakjr@storify.com
FC-14335,Fred,Chung,Corporate,2 Petterle Crossing,Richmond,Virginia,23228,ltiesmanjs@last.fm
RB-19330,Randy,Bradley,Consumer,931 Randy Circle,Hampton,Virginia,23668,jmalleyjt@msn.com
NC-18535,Nick,Crebassa,Corporate,13791 Schmedeman Avenue,Dearborn,Michigan,48126,mraunju@yellowpages.com
DB-12970,Darren,Budd,Corporate,51 Clove Terrace,Tucson,Arizona,85720,bscoynejv@xinhuanet.com
MF-17665,Maureen,Fritzler,Corporate,08 Summit Trail,Portland,Oregon,97229,vbrimmjw@elpais.com
RM-19750,Roland,Murray,Consumer,78671 Merchant Avenue,Atlanta,Georgia,30336,clamasjx@csmonitor.com
VM-21835,Vivian,Mathis,Consumer,484 4th Road,Richmond,Virginia,23203,hrevilljy@stumbleupon.com
EJ-13720,Ed,Jacobs,Consumer,8346 Meadow Valley Trail,Knoxville,Tennessee,37939,hheddyjz@chron.com
NC-18415,Nathan,Cano,Consumer,4 Nancy Parkway,Naples,Florida,34108,smcphaterk0@sohu.com
LS-17230,Lycoris,Saunders,Consumer,992 Dexter Drive,San Antonio,Texas,78240,skikk1@studiopress.com
KE-16420,Katrina,Edelman,Corporate,73705 Vidon Crossing,Lawrenceville,Georgia,30245,llambertazzik2@smh.com.au
DH-13675,Duane,Huffman,Home Office,1370 Hoard Drive,Virginia Beach,Virginia,23471,qriddingtonk3@macromedia.com
PF-19120,Peter,Fuller,Consumer,3454 Ryan Pass,Omaha,Nebraska,68124,mcapstaffk4@blogspot.com
VT-21700,Valerie,Takahito,Home Office,688 Prentice Pass,Minneapolis,Minnesota,55480,ehorrigank5@hud.gov
MG-17695,Maureen,Gnade,Consumer,15422 Corben Way,Glendale,Arizona,85311,bgrixk6@house.gov
SP-20920,Susan,Pistek,Consumer,36683 Buena Vista Trail,Houston,Texas,77080,aswannellk7@cocolog-nifty.com
CS-12175,Charles,Sheldon,Corporate,43 Marcy Hill,Nashville,Tennessee,37235,mrewk8@hc360.com
DK-12895,Dana,Kaydos,Consumer,8330 Mosinee Crossing,Buffalo,New York,14263,kbeedellk9@live.com
KM-16660,Khloe,Miller,Consumer,55 Arrowood Pass,Spartanburg,South Carolina,29305,idarraghka@mayoclinic.com
AA-10645,Anna,Andreadi,Consumer,43286 Luster Avenue,Cincinnati,Ohio,45213,lcasburnkb@chicagotribune.com
DD-13570,Dorothy,Dickinson,Consumer,5704 Cascade Junction,Omaha,Nebraska,68105,aeyrlkc@jiathis.com
AH-10465,Amy,Hunt,Consumer,6473 Ridgeview Junction,Decatur,Illinois,62525,cmulvaneykd@uiuc.edu
TP-21565,Tracy,Poddar,Corporate,47281 Heath Center,San Francisco,California,94164,fcrichtonke@nbcnews.com
EK-13795,Eileen,Kiefer,Home Office,470 Paget Drive,Bowie,Maryland,20719,gbenoykf@ft.com
CR-12820,Cyra,Reiten,Home Office,2034 Ohio Avenue,Omaha,Nebraska,68117,kbuesdenkg@gnu.org
SG-20890,Susan,Gilcrest,Corporate,928 Utah Way,Houston,Texas,77015,fbriskeykh@lycos.com
AH-10585,Angele,Hood,Consumer,704 Old Gate Street,Washington,District of Columbia,20337,eabramovki@spotify.com
NF-18475,Neil,Französisch,Home Office,6 Brickson Park Circle,New York City,New York,10009,swiskarkj@sciencedirect.com
BS-11365,Bill,Shonely,Corporate,1 Lillian Pass,San Francisco,California,94164,abannisterkk@wisc.edu
SH-20635,Stefanie,Holloman,Corporate,33 Darwin Avenue,New York City,New York,10160,camerighikl@bigcartel.com
RD-19720,Roger,Demir,Consumer,2558 Westerfield Crossing,Savannah,Georgia,31405,cgwyerkm@buzzfeed.com
AG-10330,Alex,Grayson,Consumer,8 Schiller Place,Kansas City,Kansas,66112,ablenkironkn@yellowbook.com
GR-14560,Georgia,Rosenberg,Corporate,05 Pierstorff Crossing,Des Moines,Iowa,50335,ndipietroko@jigsy.com
VS-21820,Vivek,Sundaresam,Consumer,4 Golf Parkway,Minneapolis,Minnesota,55487,asurplisskp@huffingtonpost.com
TM-21490,Tony,Molinari,Consumer,90048 Blue Bill Park Alley,Phoenix,Arizona,85099,istrongkq@blogspot.com
TS-21430,Tom,Stivers,Corporate,2057 Fair Oaks Junction,Milwaukee,Wisconsin,53205,jcuredellkr@prlog.org
DB-13360,Dennis,Bolton,Home Office,8795 Pepper Wood Pass,Boston,Massachusetts,2114,ostukeks@china.com.cn
NR-18550,Nick,Radford,Consumer,9945 Clove Point,Henderson,Nevada,89012,mmccleodkt@tripadvisor.com
CS-11860,Cari,Schnelling,Consumer,968 Iowa Junction,New York City,New York,10150,tropkinsku@wisc.edu
MF-18250,Monica,Federle,Corporate,2272 Sauthoff Court,San Diego,California,92115,hbrysonkv@biblegateway.com
LW-17125,Liz,Willingham,Consumer,0 Farragut Place,Charlotte,North Carolina,28272,bsudronkw@state.tx.us
AR-10345,Alex,Russell,Corporate,699 Jenna Street,Lake Worth,Florida,33467,cmaclucaiskx@1688.com
KS-16300,Karen,Seio,Corporate,470 Longview Center,Alexandria,Virginia,22309,rcontiky@cisco.com
AB-10015,Aaron,Bergman,Consumer,5917 New Castle Plaza,Washington,District of Columbia,20425,stoolankz@time.com
LR-17035,Lisa,Ryan,Corporate,7 Declaration Circle,Fairbanks,Alaska,99709,ddonavanl0@vistaprint.com
SS-20410,Shahid,Shariari,Consumer,22716 Merchant Crossing,Indianapolis,Indiana,46202,cdunnetl1@delicious.com
JM-15580,Jill,Matthias,Consumer,0 Sugar Plaza,Baltimore,Maryland,21239,cmattockl2@cbsnews.com
JK-15325,Jason,Klamczynski,Corporate,5996 Emmet Drive,Huntsville,Alabama,35805,pcharnickl3@slate.com
DM-13525,Don,Miller,Corporate,5321 Shopko Road,Sacramento,California,94207,esaphinl4@vimeo.com
ML-18265,Muhammed,Lee,Consumer,9625 Orin Point,Madison,Wisconsin,53705,ploransl5@youku.com
MH-17290,Marc,Harrigan,Home Office,478 Sycamore Park,Van Nuys,California,91411,ftettl6@paypal.com
FC-14245,Frank,Carlisle,Home Office,0788 Elmside Way,Fort Worth,Texas,76147,jprestiel7@creativecommons.org
TH-21115,Thea,Hudgings,Corporate,21946 Jenifer Trail,Minneapolis,Minnesota,55402,ghinschl8@jigsy.com
JK-16090,Juliana,Krohn,Consumer,9527 Dahle Point,Charleston,West Virginia,25362,yneelyl9@bing.com
SB-20185,Sarah,Brown,Consumer,3395 Melody Place,Lansing,Michigan,48956,klaintonla@salon.com
BG-11035,Barry,Gonzalez,Consumer,5472 Gina Terrace,Huntington Beach,California,92648,idemeislb@php.net
BW-11065,Barry,Weirich,Consumer,8 Union Lane,Albany,New York,12255,wtukelc@bing.com
MG-18205,Mitch,Gastineau,Corporate,692 Shoshone Alley,Garland,Texas,75044,lforkanld@free.fr
DO-13645,Doug,O'Connell,Consumer,34685 International Street,Chicago,Illinois,60686,shaddyle@jalbum.net
BP-11050,Barry,Pond,Corporate,827 La Follette Plaza,Wichita,Kansas,67215,csturtlf@fastcompany.com
TS-21655,Trudy,Schmidt,Consumer,4 Di Loreto Parkway,Des Moines,Iowa,50330,mgrenterlg@bbb.org
EM-14200,Evan,Minnotte,Home Office,673 North Junction,Bakersfield,California,93305,ppenrittlh@howstuffworks.com
AO-10810,Anthony,O'Donnell,Corporate,5352 Onsgard Trail,Las Cruces,New Mexico,88006,ngellatelyli@archive.org
MH-17440,Mark,Haberlin,Corporate,8113 Arkansas Street,Pittsburgh,Pennsylvania,15240,troozelj@sciencedaily.com
SS-20515,Shirley,Schmidt,Home Office,9925 Susan Parkway,Lima,Ohio,45807,rcastellanlk@tinyurl.com
LD-16855,Lela,Donovan,Corporate,134 Eggendart Road,Van Nuys,California,91406,sferonll@studiopress.com
VP-21760,Victoria,Pisteka,Corporate,22484 Del Sol Point,West Palm Beach,Florida,33416,mmingardilm@google.es
TC-21145,Theresa,Coyne,Corporate,6 Spaight Plaza,Washington,District of Columbia,20520,nsabertonln@facebook.com
IM-15055,Ionia,McGrath,Consumer,7 Randy Center,Petaluma,California,94975,wlampartlo@dailymotion.com
AR-10570,Anemone,Ratner,Consumer,5 Forest Run Pass,Los Angeles,California,90030,mabendrothlp@meetup.com
CM-12715,Craig,Molinari,Corporate,484 Dwight Plaza,Pomona,California,91797,smorrelllq@google.pl
FW-14395,Fred,Wasserman,Corporate,96583 Cambridge Junction,Washington,District of Columbia,20260,cmccawlr@booking.com
LC-16960,Lindsay,Castell,Home Office,22 Sheridan Parkway,Phoenix,Arizona,85035,sfloriols@home.pl
HE-14800,Harold,Engle,Corporate,62218 Blue Bill Park Trail,Clearwater,Florida,34629,scliffordlt@thetimes.co.uk
BD-11560,Brendan,Dodson,Home Office,454 Harper Road,Miami,Florida,33153,mgeorgievlu@meetup.com
HD-14785,Harold,Dahlen,Home Office,8877 Linden Place,Pittsburgh,Pennsylvania,15279,sbossomlv@ucoz.com
CJ-11875,Carl,Jackson,Corporate,9898 Bunker Hill Road,Cedar Rapids,Iowa,52410,jmcdougalllw@phoca.cz
RS-19870,Roy,Skaria,Home Office,54 Clemons Terrace,Baltimore,Maryland,21275,cbouldonlx@studiopress.com
SC-20845,Sung,Chung,Consumer,59071 Russell Alley,Rockford,Illinois,61110,nbisonly@1und1.de
RE-19405,Ricardo,Emerson,Consumer,06241 Southridge Crossing,New Orleans,Louisiana,70174,solssonlz@51.la
SM-20905,Susan,MacKendrick,Consumer,3 Mandrake Pass,Reno,Nevada,89550,jbrattym0@storify.com
